Year,Argentina - ARG,Australia - AUS,Austria - AUT,Burundi - BDI,Belgium - BEL,Benin - BEN,Burkina Faso - BFA,Bangladesh - BGD,Bolivia (Plurinational State of) - BOL,Brazil - BRA,Barbados - BRB,Botswana - BWA,Central African Republic - CAF,Canada - CAN,Switzerland - CHE,Chile - CHL,China - CHN,CÃ´te d'Ivoire - CIV,Cameroon - CMR,D.R. of the Congo - COD,Congo - COG,Colombia - COL,Comoros - COM,Cabo Verde - CPV,Costa Rica - CRI,Cyprus - CYP,Germany - DEU,Denmark - DNK,Dominican Republic - DOM,Algeria - DZA,Ecuador - ECU,Egypt - EGY,Spain - ESP,Ethiopia - ETH,Finland - FIN,Fiji - FJI,France - FRA,Gabon - GAB,United Kingdom - GBR,Ghana - GHA,Guinea - GIN,Gambia - GMB,Guinea-Bissau - GNB,Equatorial Guinea - GNQ,Greece - GRC,Guatemala - GTM,"China, Hong Kong SAR - HKG",Honduras - HND,Haiti - HTI,Indonesia - IDN,India - IND,Ireland - IRL,Iran (Islamic Republic of) - IRN,Iceland - ISL,Israel - ISR,Italy - ITA,Jamaica - JAM,Jordan - JOR,Japan - JPN,Kenya - KEN,Republic of Korea - KOR,Sri Lanka - LKA,Lesotho - LSO,Luxembourg - LUX,Morocco - MAR,Madagascar - MDG,Mexico - MEX,Mali - MLI,Malta - MLT,Mozambique - MOZ,Mauritania - MRT,Mauritius - MUS,Malawi - MWI,Malaysia - MYS,Namibia - NAM,Niger - NER,Nigeria - NGA,Nicaragua - NIC,Netherlands - NLD,Norway - NOR,Nepal - NPL,New Zealand - NZL,Pakistan - PAK,Panama - PAN,Peru - PER,Philippines - PHL,Portugal - PRT,Paraguay - PRY,Romania - ROU,Rwanda - RWA,Senegal - SEN,Singapore - SGP,El Salvador - SLV,Sweden - SWE,Seychelles - SYC,Syrian Arab Republic - SYR,Chad - TCD,Togo - TGO,Thailand - THA,Trinidad and Tobago - TTO,Tunisia - TUN,Turkey - TUR,Taiwan - TWN,U.R. of Tanzania: Mainland - TZA,Uganda - UGA,Uruguay - URY,United States - USA,Venezuela (Bolivarian Republic of) - VEN,South Africa - ZAF,Zambia - ZMB,Zimbabwe - ZWE
1960,2851.49,14223.37,8984.2,676.57,9100.09,1616.84,724.34,1429.3,1771.04,2114.2,8310.49,404.68,1398.47,13360.91,20086.09,4735.43,1014.1,1599.2,1423.17,2708.61,1702.7,3471.83,1850.37,1118.38,4583.87,3868.51,9937.08,12026.71,2921.2,9434.98,3962.76,685.77,5676.59,522.52,8861.1,2774.98,10020.23,3478.75,11909.77,4230.51,2985.28,2509.92,763.46,954.44,4950.32,2188.28,4599.4,2014.85,1328.22,1281.82,1041.0,5972.0,3790.71,10857.97,8205.29,6844.21,4937.74,2916.42,4954.42,1599.29,1113.25,2694.41,951.41,15757.45,1257.66,1438.08,5919.76,703.97,718.99,493.7,1111.87,3653.92,849.53,2374.54,3845.62,1367.93,4034.93,4366.7,11461.35,10814.54,701.33,12835.86,1203.93,2647.22,2661.13,1854.13,4079.91,1780.55,1364.34,961.63,2618.55,2644.99,1798.6,11766.14,5574.17,2390.33,1314.38,1115.04,1074.29,9446.24,1673.04,4691.59,2376.92,1173.9,789.13,6731.78,17462.63,6749.85,5913.81,1665.98,1990.92
1961,2897.14,14303.4,9427.85,570.27,9550.57,1601.02,681.06,1391.08,1785.9,2338.23,8615.19,429.67,1487.17,13637.75,21175.19,4467.52,888.36,1624.12,1441.57,2239.7,1559.07,3574.24,1943.73,1301.41,4337.58,4324.22,10251.0,12707.88,2770.75,8153.29,4035.2,699.89,6294.88,533.05,9680.62,2744.68,10389.7,3721.86,12114.01,3991.5,3133.99,2282.91,793.46,949.85,5598.5,2229.3,4674.38,2029.99,1263.03,1386.24,1052.08,6278.52,3936.41,11137.87,8830.19,7372.13,5120.85,3328.06,5454.13,1535.33,1156.69,2598.74,947.84,15583.27,1563.63,1481.72,5901.69,687.95,709.72,491.87,943.13,3968.72,850.32,2522.78,3748.28,1429.26,3892.73,4541.81,11571.95,11339.49,690.19,13285.43,1224.6,2857.21,2769.76,1888.13,4306.55,1851.79,1490.69,915.09,2589.13,2915.6,1851.64,12459.8,5444.28,2444.11,1353.94,1182.31,1107.98,10736.38,1696.04,4649.28,2442.46,1187.66,782.75,6739.92,17616.14,6721.12,6008.94,1670.34,2040.24
1962,2903.85,14820.87,9630.59,607.52,10008.56,1522.49,724.86,1445.78,1816.33,2442.88,8882.25,455.41,1456.6,14248.73,21603.67,5449.74,963.02,1645.67,1427.45,2674.88,1965.8,3623.39,2294.0,1068.53,4462.22,5115.46,10530.34,13214.33,2949.68,4560.33,4074.36,719.07,6856.09,543.68,9799.17,2698.04,10876.58,4119.7,12153.01,3921.1,3172.71,2231.78,773.36,968.1,5466.07,2233.12,4950.69,2062.32,1312.46,1326.3,1072.55,6411.38,4130.2,11411.59,9165.24,7737.39,5145.87,3218.27,5922.76,1605.18,1130.36,2706.81,1076.27,15119.76,1747.14,1523.41,5937.18,672.41,1058.66,524.62,1024.68,4198.83,844.99,2628.98,4165.09,1561.06,3882.73,4980.09,11910.42,11457.05,698.08,13348.08,1271.22,3016.88,2929.81,1971.62,4613.23,1775.27,1622.68,1006.02,2544.29,3277.12,2015.77,12884.48,5712.34,3107.96,1524.34,1189.14,1135.85,10528.71,1686.95,4820.57,2550.53,1267.04,778.84,6725.06,18395.6,6972.68,6119.67,1581.47,1960.41
1963,2758.01,15573.81,9960.43,623.15,10322.03,1572.27,698.74,1505.08,1889.88,2533.68,8760.84,469.08,1345.12,14726.37,22122.55,5523.74,1044.59,1795.01,1495.14,2511.07,2125.56,3614.87,2430.21,857.76,4573.19,5122.63,10672.06,13314.09,2764.55,5098.91,4038.45,759.11,7445.32,546.85,9809.73,2987.23,11398.36,4903.01,12547.73,4169.5,3230.96,2320.2,826.05,1094.87,6163.39,2306.81,5404.35,2035.99,1276.61,1179.55,1120.67,6663.17,4206.21,12528.1,9791.66,8033.83,5436.74,3304.54,6349.92,1593.53,1228.25,2551.88,1180.95,15104.17,1994.17,1483.17,6280.07,647.22,131.3,522.69,1082.71,4218.78,838.75,2731.59,4326.0,1671.3,4020.82,5275.79,11850.45,11763.86,693.53,13823.63,1323.57,3166.99,3004.83,2030.25,4850.69,1806.03,1745.24,879.65,2488.1,3726.9,2017.88,13483.36,6115.06,2630.62,1352.25,1240.28,1178.27,11184.11,1819.73,5163.09,2725.46,1330.11,774.15,6514.72,18943.34,7222.31,6466.65,1614.93,1944.13
1964,2853.73,16042.42,10375.8,611.82,10947.25,1622.5,718.58,1466.38,1961.7,2572.07,8670.78,492.21,1378.77,15471.96,23025.6,5587.77,1151.14,2001.24,1525.95,2232.64,2210.2,3799.07,2692.12,896.1,4663.75,4341.24,11381.15,14307.67,2766.84,5185.52,4233.77,837.6,7755.45,569.02,10069.61,3348.4,12023.94,5416.16,13232.42,4349.71,2957.19,2488.65,875.82,1100.58,6587.26,2324.25,5750.46,2089.41,1243.45,1105.85,1177.9,6834.17,4244.79,13817.99,10296.17,8188.62,5606.45,3649.58,6997.44,1683.95,1298.92,2642.64,1243.81,16153.12,2068.99,1477.17,6907.68,512.45,779.78,532.46,1640.68,4679.52,815.73,2889.59,4771.33,1616.11,4185.2,5756.79,13046.36,12404.32,754.38,14155.79,1387.05,3229.53,3113.05,2012.15,5024.86,1828.38,1841.27,769.16,2493.09,3673.35,2093.83,14372.07,6446.87,3153.84,1339.41,1401.71,1238.35,11821.26,1832.85,5211.92,2947.73,1492.33,816.41,6683.54,19808.61,7757.37,6738.99,1792.59,1836.15
1965,3157.03,15928.88,10633.07,622.57,11231.58,1716.17,712.57,1419.53,2035.94,2657.82,9011.64,461.95,1357.13,16148.74,23380.59,5273.76,1236.51,1831.56,1586.92,2488.01,2139.73,3699.55,2755.31,914.31,4994.63,5558.67,11860.94,14820.65,2503.84,5480.41,4246.9,847.5,8111.16,597.77,10682.63,2788.97,12474.94,5973.75,13493.96,4170.88,3011.65,2715.95,917.4,1183.88,7275.41,2357.64,6374.45,2177.61,1229.41,1301.7,1134.06,6907.76,4743.18,14833.29,9980.03,8350.0,5670.2,3912.34,7352.53,1718.79,1332.77,2559.84,1243.2,16207.08,1989.2,1436.5,7060.57,545.68,1815.16,525.18,1901.96,4300.57,924.14,3010.14,4836.12,1639.35,4266.59,6280.83,13420.35,13005.87,729.11,14783.09,1481.15,3421.71,3224.38,2042.47,5376.0,1903.52,2012.04,796.09,2442.11,3917.42,2151.88,14697.61,5909.68,3045.43,1371.24,1563.88,1340.04,11497.29,1865.55,5212.59,3187.46,1461.94,800.5,6604.47,20839.19,7779.7,6944.14,2103.68,1960.64
1966,3179.87,16717.17,11097.73,626.91,11468.94,1721.86,710.61,1404.88,2148.88,2708.36,9484.6,497.07,1307.79,16913.47,23739.51,5790.23,1246.42,1960.62,1632.68,2586.91,1934.03,3792.79,2987.81,1108.99,5113.07,5772.4,12096.44,15078.86,2502.59,4694.44,4250.2,848.95,8629.61,606.52,10963.74,2797.9,13037.01,5480.53,13708.99,4012.61,3013.06,2681.79,836.69,1287.23,7782.54,2437.68,6595.08,2179.68,1209.07,1060.69,1105.77,6997.15,5016.67,15596.41,10739.06,8759.8,5648.25,3926.87,8036.99,1833.18,1481.24,2708.9,1293.27,16344.91,1873.25,1449.28,7274.44,534.16,2084.28,515.02,1882.18,4298.05,1038.04,3121.69,4971.39,1586.19,3808.72,6177.91,13490.46,13363.95,770.21,15465.34,1589.09,3585.3,3373.54,2064.4,5520.82,1854.67,2107.58,838.57,2471.41,4324.42,2211.37,14804.61,5615.44,2647.26,1287.78,1671.71,1521.52,11946.48,1895.03,5878.72,3369.74,1529.93,820.34,6791.4,21929.81,7548.52,7061.92,2126.02,1864.0
1967,3241.21,17157.48,11351.08,688.73,11843.82,1746.54,767.87,1328.65,2269.1,2855.37,10419.95,569.99,1261.21,17083.12,24260.33,6001.77,1258.54,1966.3,1462.06,2300.25,1922.7,3823.21,3217.63,1196.58,5188.56,6379.73,11912.45,15755.3,2508.38,5159.38,4449.2,856.8,8944.78,604.08,11219.23,3130.81,13582.69,5900.65,13950.97,3631.47,2866.73,2571.92,944.69,1415.97,8078.0,2482.35,6632.98,2192.56,1159.53,1110.48,1164.28,7377.14,5459.95,14813.3,10569.4,9336.22,5579.32,3813.1,8787.8,1844.48,1527.19,2673.32,1364.45,16928.2,1886.21,1479.65,7430.01,541.27,2281.4,565.32,2004.76,4552.0,1036.18,3130.48,4837.46,1585.67,3286.95,6418.07,14072.76,14096.89,736.25,14523.81,1577.41,3810.18,3442.29,2047.82,5942.02,1954.07,2328.17,869.02,2382.96,4911.19,2283.51,15255.83,5842.99,2879.24,1220.76,1703.53,1516.74,12551.34,1857.49,5908.99,3657.1,1560.62,782.14,6520.75,22214.24,7550.68,7392.74,2438.34,1824.56
1968,3289.56,18118.46,11782.45,681.4,12300.6,1837.85,787.11,1344.12,1961.48,3068.23,10735.03,622.76,1407.73,17728.11,24881.76,6034.58,1190.13,2131.28,1491.81,2406.98,2114.86,3960.23,2980.64,1291.26,5352.07,6550.68,12543.83,16559.97,2384.22,5618.49,4530.67,921.97,9455.55,619.84,11774.28,3443.12,14061.39,5955.8,14465.21,3552.53,2822.63,2684.94,968.01,1480.81,8593.88,2622.03,6839.77,2267.86,1167.7,1132.46,1188.29,7914.88,5853.07,13509.72,10797.22,9883.74,5552.5,3436.09,9796.96,1780.45,1670.35,2841.54,1339.18,17768.68,1962.7,1562.06,7830.04,573.83,2592.2,575.27,2247.07,3638.35,1031.09,3199.18,4875.62,1575.77,3411.61,6322.53,14842.3,14489.14,726.26,14328.99,1615.11,3972.48,3336.5,2116.11,6730.48,1956.66,2436.68,907.76,2345.69,5406.34,2310.47,15697.45,6713.94,2917.18,1190.52,1706.75,1578.73,13350.46,1969.72,6193.44,3923.89,1616.85,800.76,6556.4,23027.48,8139.05,7430.72,2538.72,1632.78
1969,3562.42,19067.0,12333.82,644.52,13034.07,1863.5,799.61,1373.28,1983.17,3043.89,12353.3,580.99,1385.36,18394.38,25958.95,6332.3,1273.58,2225.54,1561.21,2609.28,2275.86,4115.2,2839.4,1375.82,5496.71,7417.15,13435.72,17545.76,2507.42,6007.55,4517.21,976.36,10241.74,647.07,12968.76,3488.54,14941.14,6300.75,14688.2,3736.49,2746.39,2543.45,1046.91,1530.83,9551.46,2713.84,7476.01,2196.56,1189.5,1147.86,1281.68,8270.91,6226.01,14081.71,12118.5,10426.12,5720.81,3389.38,10870.65,1838.92,1857.08,2971.72,1312.29,20160.83,2134.91,1580.13,7883.07,575.86,2732.93,593.58,2156.39,3621.66,1078.03,3233.11,5088.63,1419.26,4366.55,6442.45,15936.53,14937.83,750.92,15678.45,1697.01,4214.93,3399.65,2168.46,6944.77,2005.38,2569.36,972.19,2065.08,6270.44,2315.17,16329.87,6152.58,3357.08,1192.09,1874.04,1696.26,14457.22,2008.0,6346.45,4131.26,1647.13,851.18,6937.89,23530.12,8324.85,7755.84,2344.16,1986.84
1970,3611.53,19375.01,13075.82,764.83,13767.34,1996.79,770.96,1432.22,1892.33,3374.52,13651.82,657.96,1412.97,18652.73,27383.45,6248.23,1394.16,2349.04,1591.05,2613.3,2499.28,4332.95,3182.88,1513.61,5820.21,7624.1,14043.62,17625.83,2798.61,6697.28,4717.59,1105.12,10556.41,635.93,14046.62,3764.97,15714.01,7283.33,15025.31,4205.11,2623.9,2835.78,1130.69,1550.3,10413.8,2820.05,8015.7,2195.14,1219.41,1205.56,1272.96,8321.89,7079.15,14983.82,13215.09,11782.68,6413.64,2931.07,11876.17,1650.29,1971.66,3007.61,1343.32,20123.75,1989.98,1635.7,8122.02,598.49,3040.11,556.95,2374.07,4305.32,1090.52,3428.79,5370.18,1478.21,4588.11,6365.64,16716.73,12190.15,779.23,15108.94,1816.35,4892.48,3497.74,2244.73,7516.24,2100.58,2707.29,1019.56,2175.27,7266.95,2293.29,17288.33,7813.91,3253.11,1278.35,1775.17,2222.02,14391.69,2580.18,6617.36,4443.1,1739.77,1007.59,7371.48,23285.58,9114.51,7994.13,2050.79,2353.31
1971,3660.42,19742.92,13713.57,788.32,14257.37,1997.51,754.0,1387.05,1969.09,3695.47,14039.52,815.02,1333.96,19353.23,28261.28,6944.0,1455.53,2397.02,1569.0,2532.25,2671.6,4676.35,3255.95,1576.83,5955.51,8260.67,14435.06,17998.21,2944.5,6197.53,4887.2,1103.46,10930.1,643.4,14262.41,4082.64,16497.76,7422.91,15205.22,4280.51,2736.91,2768.95,1059.31,1642.72,11173.37,2878.21,8470.23,2175.06,1239.5,1263.21,1289.74,8499.36,7778.84,17723.45,14287.62,11982.14,6544.23,2785.21,12405.67,1727.72,2267.31,2932.89,1230.81,19268.02,2080.8,1665.87,8201.11,610.29,3270.73,584.9,2322.62,4517.72,1206.25,4096.53,5484.71,1467.72,5026.53,6419.45,17424.06,12996.65,746.73,15593.84,1804.02,5292.79,3615.09,2320.99,8030.13,2159.67,3026.24,984.53,2103.95,8074.47,2302.05,17389.28,13003.07,3454.99,1279.53,1833.22,2269.78,13522.49,2753.49,6659.75,4918.6,1761.22,973.95,7393.8,23850.37,8623.94,7822.3,2005.04,2483.23
1972,3661.58,20031.95,14475.5,709.43,15074.12,2042.13,876.11,1301.74,1966.01,4044.08,14194.23,990.19,1253.95,20102.0,28964.33,6818.39,1436.97,2393.59,1603.12,2377.1,2579.7,5019.92,3264.41,1608.83,6196.03,8564.33,15095.47,18653.02,3458.43,6846.16,4801.35,1147.32,11696.94,656.84,15132.55,4290.21,17210.69,7209.95,15638.35,3508.78,2778.67,2724.94,1091.23,1731.06,12226.78,3012.54,9186.61,2243.01,1249.66,1383.83,1289.85,9033.06,8582.97,17268.17,15320.31,12494.13,7073.75,2859.45,13340.73,1835.96,2521.24,2964.69,1482.98,20523.71,2085.43,1569.1,8611.86,529.98,3617.12,599.34,2337.94,4648.43,1290.33,4307.24,5421.74,1391.36,5232.69,6086.44,17908.62,14290.03,759.08,16152.03,1796.91,5467.35,3612.01,2390.36,8584.43,2241.09,3323.47,1002.21,2115.81,8747.67,2364.66,17762.15,13581.03,4183.36,1135.64,1862.28,2300.75,15405.2,3161.6,7076.98,5475.5,1813.74,1047.45,7174.85,24927.62,8648.77,7826.04,2135.41,2692.5
1973,3801.11,20641.9,15150.08,761.08,16090.67,2139.59,823.19,1092.63,2080.54,4485.53,13767.74,1178.09,1373.53,21241.81,29626.99,6523.57,1507.59,2417.17,1624.49,2551.65,2906.23,5443.57,3428.78,1639.74,6470.43,8389.83,15920.96,19266.01,3702.66,7195.13,5181.73,1122.58,12436.06,658.63,16109.01,4690.31,18288.91,8207.78,16697.22,3842.6,2805.58,2880.83,1074.52,1934.31,13040.58,3118.61,10103.08,2348.96,1306.52,1519.81,1341.83,9410.7,8981.5,19005.08,16025.03,13499.65,7064.68,2650.21,14214.26,1828.74,3036.09,3078.48,1797.61,22676.34,2100.8,1506.76,9037.93,535.61,3964.28,612.21,2250.77,4841.26,1224.72,4743.3,5468.32,1186.19,5695.11,6741.41,18980.01,14621.91,734.09,17090.5,1840.01,5586.36,3823.62,2524.22,9402.58,2304.88,3639.95,1016.33,1964.38,9449.12,2445.56,18489.01,13911.73,3690.11,1053.03,1787.36,2442.08,15104.24,3117.46,7297.26,6063.28,1882.48,1058.82,7330.92,26239.78,9367.21,8604.0,2080.27,2723.69
1974,3912.75,19570.73,15635.72,755.31,16801.75,2273.34,888.09,1099.23,2177.87,4764.13,12491.0,1269.88,1210.21,21522.9,29896.56,6114.42,1529.67,2491.19,1596.32,2620.72,3412.49,5762.07,3452.62,1684.48,6515.06,7825.89,16163.72,18870.53,3583.48,8678.41,6003.41,1140.33,12895.3,654.14,16672.13,4733.96,19000.35,10614.81,16125.19,4246.15,2938.52,2949.24,1111.74,2078.81,12088.49,3194.78,10049.24,2224.2,1405.58,1615.65,1296.19,9483.37,8870.8,20100.43,16299.73,14371.56,6724.17,2653.36,13922.88,1966.65,3562.81,3196.18,1883.88,23957.94,2213.78,1475.33,9328.22,523.36,4461.83,633.24,2361.17,4745.1,1270.87,5132.55,5692.47,1255.89,6180.34,7581.67,20519.37,15856.51,752.42,17458.51,1859.84,5735.35,4061.66,2612.29,9404.52,2408.04,4019.55,1011.73,2048.45,11308.39,2506.09,18859.45,13295.01,4462.65,1193.89,1910.82,2473.9,15185.5,3389.49,8091.84,6115.8,1887.24,978.95,7460.92,25758.16,11239.06,8875.04,1989.11,2894.91
1975,3800.76,19710.79,15693.4,748.8,16582.16,1891.94,860.87,1039.21,2257.92,4852.12,14713.39,1357.9,1166.95,21484.54,27182.72,5089.36,1567.7,2484.77,1606.63,2073.12,3119.81,5960.68,3574.4,1398.0,6577.62,6417.33,16147.8,18459.84,3658.44,9031.53,6407.78,1238.3,12810.7,654.95,16152.67,4721.21,18767.33,11490.8,15791.12,3678.29,3016.26,3032.46,1303.27,2298.08,12645.02,3205.18,10008.45,2222.95,1402.37,1658.22,1394.56,9755.87,8226.89,19956.98,16465.33,14088.37,6517.82,2398.48,14370.87,1902.45,4006.85,3058.73,1822.67,20513.09,2293.17,1442.04,9547.65,563.05,5501.45,629.81,2564.0,4708.33,1297.11,4847.55,5663.65,1094.57,6135.04,6720.39,20098.68,17593.66,748.87,16846.1,1873.69,5685.87,4149.17,2771.14,8754.89,2521.34,4359.58,984.03,2091.65,11486.92,2589.71,19154.43,14309.49,5146.01,1352.7,1824.78,2533.03,15174.91,3546.78,8484.34,6264.13,1969.55,1015.43,7744.18,25368.43,10708.08,8650.17,2119.1,2729.41
1976,3749.05,20364.75,16094.69,802.15,17631.61,1982.01,845.03,1148.08,2299.06,5147.2,11583.91,1472.96,1137.31,22456.16,26899.66,5222.19,1506.09,2661.96,1487.86,1826.0,3175.56,6219.31,3459.86,1417.12,6925.74,8163.3,17049.76,19442.22,4066.87,8864.61,6684.73,1253.0,13252.88,670.15,16797.14,4664.91,19595.76,13572.99,16582.61,3267.31,3238.48,2904.72,1393.61,2373.8,13299.53,3291.91,11132.37,2456.0,1559.48,1754.82,1345.98,10032.04,8702.49,19839.41,16068.26,15444.16,6045.09,2711.73,15167.39,1869.01,4327.33,2799.93,2095.92,21701.85,2483.33,1410.37,9795.86,614.55,6681.57,648.49,2723.86,6157.22,1266.59,5274.22,5614.2,1142.63,6175.53,7034.91,20928.75,19484.21,763.63,17186.16,1917.15,5580.46,4064.05,2876.64,9169.92,2601.53,4922.25,1105.06,2213.68,12410.31,2632.28,19220.66,16546.39,4348.95,1251.88,1820.33,2687.91,16587.49,3697.25,9168.25,7059.52,2076.18,1035.98,7821.08,26590.99,11007.69,8427.31,2141.22,2640.47
1977,3948.02,20506.76,16788.0,888.84,17859.87,1998.96,906.75,1199.8,2365.05,5143.27,11685.56,1607.06,1169.64,22979.44,27534.0,5604.89,1548.03,2725.17,1645.07,1866.8,3233.83,6377.35,3495.45,1340.87,7525.31,10346.13,17708.06,19864.22,3928.8,9740.56,6766.77,1299.29,13671.22,666.47,16953.94,4906.32,20333.53,12662.25,17370.69,3698.39,3117.33,2856.07,1110.42,2604.53,13339.99,3472.74,12095.58,2663.63,1577.3,1871.11,1317.09,10866.05,7507.48,22105.11,15687.99,16169.94,5641.94,2668.92,16042.77,2015.23,4637.87,2665.53,2268.65,21765.61,2506.59,1395.66,9906.59,627.51,7379.07,626.53,2646.95,6332.17,1237.8,5569.4,5475.91,1240.37,6944.98,7928.39,21065.05,20024.78,765.1,16426.6,1917.38,5380.71,3900.86,2895.47,9562.19,2829.61,5259.7,1107.84,2147.68,13024.43,2664.45,18711.48,14642.28,3105.02,1164.37,2129.5,2914.78,17242.04,3783.29,8758.52,7674.05,1956.87,1043.89,7726.92,27603.04,11130.51,8040.13,1803.41,2297.13
1978,3831.05,21251.31,16734.25,896.94,18516.9,1891.22,976.13,1202.84,2305.52,5226.95,11083.34,1737.06,1168.97,23665.24,28055.71,5949.14,1719.25,2859.98,1996.02,1779.09,2981.57,6699.46,3432.17,1454.09,7713.64,11466.22,18345.35,20353.27,3862.36,10575.26,6958.16,1344.65,13928.58,669.5,17686.32,5025.1,21204.15,13228.31,18555.81,3627.71,3306.59,2952.42,1283.87,2482.52,14077.88,3551.62,12896.78,2783.22,1607.53,1970.16,1273.99,11725.35,6402.85,22966.29,16045.59,17058.51,5298.47,3272.51,17103.02,2097.85,5021.92,2639.39,2458.21,22877.13,2595.81,1339.09,10553.72,612.3,8491.33,617.77,2377.38,6394.58,1252.1,5812.98,5513.94,1304.83,6824.12,6360.59,21529.3,21560.13,778.13,16265.51,1985.08,5664.19,3692.75,3001.93,9675.29,3056.76,5621.07,1115.57,2049.59,14384.04,2796.53,19100.99,17852.7,2812.55,1178.66,2372.09,3136.12,18921.99,3923.45,8220.88,8584.98,1956.23,999.34,8094.58,28931.01,10675.92,8182.43,1651.99,2451.64
1979,4016.12,21696.08,17460.13,902.11,19067.02,1931.42,1010.28,1242.09,2298.31,5453.45,11652.15,1892.17,1117.52,24374.83,29051.26,6341.53,1786.61,2782.42,2024.56,1989.64,3283.75,6785.75,3605.57,1502.44,7870.66,13114.97,19236.16,21125.64,3914.57,10787.38,7051.54,1330.32,13968.8,675.78,18073.24,5828.37,22036.21,13074.25,19600.35,3345.05,3237.12,2776.88,1251.38,2336.24,14164.47,3668.11,13868.5,2777.7,1687.49,2057.83,1166.01,12184.4,5468.75,23898.57,16470.7,18569.28,4800.12,3622.59,18094.66,2017.85,5202.22,2373.15,2228.84,23649.28,2687.47,1483.78,11387.17,685.98,9329.94,624.07,2494.96,5960.06,1191.19,6160.9,5643.68,1399.71,6170.6,3802.2,22022.94,22848.78,797.94,16182.04,2006.9,5759.87,3678.5,2991.81,10048.99,3231.5,6077.91,1213.79,2162.57,16407.83,2769.6,19648.79,20902.27,2423.78,917.33,2449.81,3241.57,19298.91,4107.75,7971.97,9142.58,1936.73,824.12,8789.57,29615.36,10981.05,8298.05,1548.21,2494.01
1980,3978.31,22172.07,17684.91,878.72,20385.58,2019.88,981.44,1206.92,2233.43,5331.97,11542.79,2043.68,999.08,24621.66,30425.78,6635.01,1824.62,2374.71,2186.23,2005.58,3211.68,6953.43,3887.33,1606.47,7714.34,13904.66,19533.18,21181.32,3703.75,10503.76,7165.66,1345.05,14372.5,706.06,18994.68,5719.09,22410.25,13101.57,19839.95,3277.82,3325.64,2705.65,1257.05,2379.81,14259.18,3746.18,14886.53,2753.96,1761.35,2212.25,1162.68,12550.06,3143.33,25162.94,16553.54,19802.15,4230.16,4162.49,18980.96,2050.69,4830.75,2343.17,1973.45,23978.27,2651.74,1457.14,12271.23,651.38,9515.51,619.22,2400.57,5923.11,1187.08,6560.11,5807.8,1348.11,5597.97,5021.53,22816.48,24258.14,744.19,16265.3,2085.28,6218.18,3926.48,3198.88,10344.17,3468.81,6222.47,1187.72,2034.44,18349.87,2559.25,19754.13,14727.67,2321.02,833.54,2203.32,3324.51,20246.41,4422.7,7683.79,9653.02,1812.68,751.43,9318.26,29154.89,10558.31,8954.66,1428.57,2543.61
1981,3948.06,22894.0,17645.52,934.3,19386.53,2482.74,1016.1,1198.4,2251.94,5396.79,11418.79,2255.08,1133.65,25196.31,30450.87,6866.88,1800.26,2392.71,2396.31,1868.54,2570.93,6836.78,3671.16,1698.1,7426.29,13798.55,19147.92,20399.29,4114.44,11225.38,7189.32,1522.6,13552.42,768.74,19612.27,5453.69,21853.75,12078.98,19430.35,2983.82,3233.39,3083.83,1382.68,2315.57,14132.04,3778.73,15620.58,2735.48,1660.46,2344.95,1125.29,12624.62,2724.89,26037.93,17188.21,19416.87,4125.23,4046.97,18817.15,2013.9,5072.33,2490.39,1999.82,23005.55,2630.71,1346.65,13015.53,725.74,10632.93,628.45,2406.16,6087.09,1198.09,6826.84,5782.16,1238.61,5290.4,5152.67,22033.29,24393.48,806.42,16723.15,2141.15,6546.08,4152.83,3267.2,10183.95,3695.82,6112.27,1309.62,2030.08,18762.94,2360.8,20024.13,13084.86,2194.93,737.56,1921.23,3447.75,20802.2,4566.54,8372.67,10083.21,1512.82,770.28,9355.61,29631.47,10277.94,9162.98,1572.32,2994.99
1982,4077.51,22017.19,17727.37,906.71,18744.57,1748.88,998.91,1164.08,2160.0,5393.27,11483.05,2324.5,1109.29,24306.53,30149.73,5891.81,1910.13,2362.35,2633.47,1858.02,2670.23,6708.12,3836.6,1783.53,6746.71,14707.51,18753.74,20750.44,4080.25,11345.66,6906.23,1511.09,13027.27,817.45,19601.66,5118.24,21710.1,11189.72,19477.27,2472.68,3240.4,3181.36,1372.75,2274.09,13574.32,3621.69,15661.75,2676.6,1533.4,2332.12,1080.13,12651.44,3515.05,26686.46,17379.54,19064.47,4055.95,4073.27,18415.7,2003.97,5367.17,2434.79,2044.27,23023.97,2878.62,1300.49,12592.11,774.88,11366.46,603.31,2167.16,6207.3,1229.64,7094.87,5808.87,1209.16,5323.05,4764.56,21314.69,24084.2,834.2,16756.7,2174.16,6367.88,4081.39,3339.59,10165.53,3595.5,6370.94,1226.45,2326.93,19187.11,2269.54,20227.78,11305.38,2143.02,775.54,1812.07,3508.78,21149.15,4533.2,8156.14,10340.41,1519.8,844.45,8338.44,28651.81,9498.24,9037.8,1592.88,3044.11
1983,4349.38,23008.33,18097.13,904.77,18167.62,1663.98,908.04,1155.52,2099.0,5201.33,11805.21,2634.1,1019.62,24911.7,30236.67,5611.62,2024.6,2288.72,2914.28,1869.99,4192.5,6524.43,3820.97,1878.52,6648.27,15256.94,18803.06,20959.73,4196.28,11589.45,6536.47,1695.84,12685.97,923.56,19735.15,4657.49,21276.48,11957.4,19928.05,2366.76,3164.11,2930.86,1326.04,2194.27,13305.98,3522.92,16217.91,2563.97,1531.35,2448.22,1063.97,12313.15,3296.14,23875.42,17792.46,18796.27,4158.2,3976.18,17987.98,2037.54,5928.02,2445.2,1934.54,22907.17,3007.08,1335.38,11572.39,753.63,11021.27,515.45,2130.9,6257.46,1293.1,7359.19,5456.4,1141.86,5115.68,4908.21,21275.62,25135.75,847.57,17583.97,2235.62,6604.46,3684.64,3283.48,9887.84,3439.58,6589.95,1257.98,2421.95,20380.72,2282.04,20775.79,11969.67,1904.34,980.54,1606.07,3630.29,18507.22,4690.44,8355.45,11097.07,1550.64,889.72,7392.69,29674.67,9254.79,8878.98,1548.28,3411.93
1984,4562.46,23564.25,18003.73,889.74,18132.33,1716.08,859.27,1235.64,2145.01,5231.74,12086.92,3202.82,1067.61,26425.83,30468.05,5719.6,2239.89,2260.44,3191.61,2100.9,4787.98,6510.35,4321.9,1758.92,6961.83,16846.64,19003.04,21441.1,4594.45,11708.02,6425.98,1835.23,12416.8,904.92,19871.83,4882.72,20937.21,12892.84,20173.76,2502.74,3132.6,2896.05,1299.59,2058.43,13547.82,3499.0,17360.31,2615.16,1520.17,2526.99,1040.5,12518.71,3090.55,25874.0,17761.68,19017.88,3938.93,4383.37,17950.85,2099.89,6422.71,2472.79,1951.85,22609.55,3187.06,1335.89,11739.62,704.85,10840.79,555.63,2044.55,7184.2,1340.41,7733.77,5458.49,860.64,4568.98,4763.08,21597.86,26612.79,886.96,18261.47,2288.68,6402.81,3757.35,2984.74,9489.86,3440.43,6793.17,1153.62,2436.24,21703.09,2337.96,21792.41,12843.83,1630.12,1041.27,1489.13,3758.55,16934.3,4843.63,8656.17,12095.33,1646.88,840.92,7287.75,31669.83,9199.46,8902.55,1688.72,3132.68
1985,4387.38,23813.38,18392.46,931.61,17203.85,1838.96,930.45,1256.15,2217.47,5391.19,10547.1,3599.74,1160.37,26791.97,31039.64,5631.5,2443.97,2415.06,3211.23,1967.72,4363.43,6368.01,4229.35,1761.41,6894.25,16331.15,19022.95,21789.04,4589.23,11823.62,6397.94,1836.47,12203.17,893.16,19954.31,4748.87,20480.8,11469.03,20491.19,2597.81,3179.79,2865.43,1024.07,2186.66,13996.08,3329.01,16617.48,2553.46,1461.98,2504.68,1032.44,12485.94,3038.02,25320.5,17750.83,19173.26,3460.61,4023.83,18414.94,2067.36,6629.95,2617.9,1963.73,22373.27,3423.34,1354.86,11603.93,904.13,10860.36,451.05,2015.67,6934.92,1434.92,6962.16,5407.88,910.16,4835.91,4733.22,20991.94,26753.86,905.06,17857.86,2355.34,6063.69,3676.46,2744.73,9628.87,3433.64,7089.3,1164.33,2598.7,18711.9,2297.19,22291.94,12602.31,1764.76,1112.98,1491.35,3812.04,15659.88,4909.89,8941.66,12088.24,1817.01,791.36,7179.63,32498.3,8450.21,8551.14,1767.47,3279.48
1986,4807.13,24030.89,19235.78,951.67,18412.55,1570.11,974.06,1255.67,2184.85,6041.09,12542.31,3881.67,1121.04,26941.85,32638.07,5818.9,2485.81,2441.03,3013.07,1805.83,2645.96,6629.96,4553.11,1966.25,7448.44,16380.75,20504.15,23415.75,4771.45,10090.53,6012.07,1833.84,12955.16,873.16,21198.51,4745.64,21495.11,8597.5,20636.52,2577.26,3145.8,2848.03,1315.51,1942.1,14522.35,3411.38,18656.49,2651.12,1453.74,2511.59,1067.29,13215.7,2643.6,27348.59,18650.32,20452.09,3797.65,3922.0,19955.06,2153.58,7781.81,2777.6,1895.95,25737.37,3701.94,1587.67,10686.28,895.56,10938.05,556.71,2054.3,7504.6,1270.19,6261.85,5443.42,896.37,1475.14,4437.49,21822.76,25776.72,942.76,19016.78,2350.99,6607.87,4134.42,2838.69,10581.72,3305.4,7325.26,1168.09,2630.22,19069.68,2500.32,23823.44,11902.92,1568.54,1055.56,1498.56,3809.04,13651.69,4792.2,9297.54,13892.91,1215.49,776.49,8108.49,33222.2,7727.5,8283.26,1462.92,3311.22
1987,5042.35,25530.76,20000.64,926.71,19420.33,1415.64,931.28,1226.69,2230.95,6121.57,14000.64,4163.35,1022.4,28494.69,33101.67,6163.19,2552.46,2315.7,2876.85,1718.06,2441.13,6558.36,4426.95,2026.36,7269.31,17477.16,21349.69,23969.19,5235.29,9060.93,5790.13,1814.38,13861.06,883.76,22145.86,4707.53,21995.81,8159.58,21484.16,2559.97,3194.0,2724.05,1325.14,1980.64,14305.11,3453.16,21409.19,2714.13,1465.47,2555.01,1113.26,14112.01,2802.05,30355.65,19842.34,21479.97,4185.52,4409.81,21248.39,2105.27,8939.06,2872.63,1979.23,26369.73,3728.24,1469.29,10665.95,802.59,11029.32,513.06,2053.76,9266.94,1139.45,6559.21,5326.29,872.99,1132.9,4503.74,21916.75,26320.63,937.73,19750.08,2425.83,6969.86,4532.13,3053.15,11458.26,3383.48,7456.96,1081.78,2618.43,21012.78,2471.78,24827.68,14473.53,1434.97,1049.13,1438.38,4079.49,11944.18,5020.98,10164.76,15919.25,920.84,804.2,8972.06,34065.38,7711.94,8619.38,1445.95,3160.85
1988,5290.83,26605.64,21252.19,971.93,20938.21,1423.82,961.87,1246.7,1962.24,6051.63,15015.33,4472.17,1053.87,29517.68,33543.44,6651.06,2625.69,2285.71,2735.63,1792.57,2205.89,6642.22,4188.39,2038.73,7277.62,18350.74,22414.94,23943.77,5453.11,7980.48,5420.58,1739.34,14826.29,817.53,23598.19,4942.15,22986.07,7182.34,22183.1,2739.65,3317.93,2676.08,1481.49,2020.11,15245.88,3395.52,21896.06,2835.28,1455.18,2596.26,1182.07,14687.25,2396.43,30806.4,20223.18,22427.11,4365.53,4464.57,23298.62,2155.28,10089.78,2900.92,2222.67,28983.32,4072.83,1391.71,10537.96,676.79,11952.04,520.72,2037.57,9348.24,1027.47,6964.13,5097.73,847.05,1037.04,3383.53,22647.9,25128.37,989.83,20584.47,2516.42,6071.41,4200.74,3297.38,12428.9,3512.3,7597.2,1050.8,2650.75,21947.67,2532.32,25716.88,15218.3,1451.24,1108.74,1599.2,4483.34,10971.67,5135.98,10106.17,16757.98,1202.96,823.86,8854.8,35119.07,7759.79,8686.63,1538.93,3622.36
1989,5018.7,27222.99,22326.4,914.08,21413.87,1253.04,948.24,1352.63,2017.6,6070.84,16641.04,5566.8,1091.66,30192.21,34802.46,7155.01,2540.45,2417.87,2565.77,1788.13,2158.15,6654.44,3855.5,2152.01,7550.58,20241.11,23283.41,24060.52,5024.37,8055.16,5366.41,1874.32,15772.94,772.29,24298.0,5428.43,23704.43,9087.26,22422.38,2668.67,3273.43,2642.56,1441.73,1938.4,15930.54,3589.62,23122.55,2833.72,1338.32,2823.98,1241.16,15654.44,2601.34,29142.32,19528.06,23356.11,4415.26,4569.77,24900.94,2106.8,11015.05,2978.13,2381.3,32207.62,4085.86,1308.34,10743.78,688.95,12863.65,561.11,2032.03,9715.56,1054.53,7520.58,5037.33,809.2,981.93,3056.02,23478.27,26010.46,1048.66,20608.1,2555.73,5976.08,3430.12,3510.99,13286.4,3536.24,7276.82,1105.45,2529.32,22041.22,2550.43,26257.9,16800.92,1351.82,1119.52,1576.52,4838.6,10151.47,5273.23,9839.17,18074.73,1100.22,818.29,8847.7,36008.68,7144.95,8568.23,1258.61,3932.14
1990,5553.84,26850.44,23529.44,926.39,22322.29,1253.42,918.28,1378.33,2107.08,5809.97,16209.41,5885.35,1052.5,30000.51,36386.51,7207.91,2471.15,2159.87,2394.87,1354.76,2512.67,6750.07,3692.02,2064.95,7601.6,20564.2,24941.04,24663.98,4561.31,8278.2,5587.59,2104.36,16604.69,747.12,24536.26,6149.41,24327.36,10646.77,22563.34,2694.2,3229.78,2633.01,1471.2,1994.7,15993.54,3698.59,25026.54,2915.96,1342.16,3151.61,1297.26,16917.11,3118.21,28773.05,20892.54,24393.21,4714.96,3707.9,26779.94,2139.01,12326.53,3056.94,2417.21,33461.38,4086.95,1286.53,11249.53,675.8,12948.53,540.34,1931.09,10531.49,976.46,8276.42,4489.56,822.75,1018.2,3030.56,24817.05,28637.89,1052.72,20580.63,2541.88,6359.71,3398.94,3757.2,14128.19,3842.41,7419.43,1055.93,2513.77,25354.27,2489.56,26491.32,17099.09,1309.48,1093.45,1713.9,5284.53,10447.28,5555.21,10393.99,19774.55,1135.02,816.7,8723.06,36222.46,7481.3,8395.27,1207.32,4295.44
1991,6446.56,26420.83,24452.95,945.06,22585.87,1282.47,959.33,1397.77,2206.97,6236.51,17387.35,6157.81,1010.67,28821.08,35605.37,7653.94,2570.48,2140.57,2234.19,1021.91,2736.5,6649.98,3424.84,2031.64,7542.8,19593.42,26190.7,24684.87,4548.83,7880.68,5672.75,2407.03,17331.45,653.35,22944.31,5661.22,24282.33,10811.76,21802.83,2882.67,3126.73,2615.88,1447.02,2027.84,16901.69,3851.99,26269.97,2979.24,1301.68,3374.38,1295.78,17159.63,3594.2,28959.9,22099.26,25114.55,4558.75,2987.19,28354.56,2116.53,13789.7,3089.98,2452.85,36711.49,4477.22,1188.61,11530.84,722.31,13744.63,565.78,1945.45,11129.28,1025.26,8951.34,4793.77,803.69,806.93,3102.4,25427.82,28556.04,1114.9,19852.83,2479.76,6940.91,3475.09,3743.82,14736.72,3875.08,6790.82,952.87,2405.7,23422.39,2555.58,26187.12,17306.21,1123.42,1105.07,1534.98,5571.35,10137.73,5669.51,9866.55,20905.72,1100.48,805.86,9129.66,35723.08,7881.39,8172.49,1179.5,5013.71
1992,7489.84,27154.26,25277.76,909.37,23332.54,1286.64,932.51,1406.34,2270.87,6302.73,17398.82,6226.36,945.18,28748.09,35547.68,8443.42,2772.14,2159.7,2159.15,1328.79,1943.59,6836.14,3523.03,2169.6,8131.85,20405.97,26970.59,25577.62,5206.92,7626.95,5694.13,2593.14,17703.48,569.35,21815.02,5739.86,24601.81,10013.51,21697.07,2722.69,2977.22,2600.71,1158.54,2050.04,16982.2,3922.37,28298.43,2988.96,1258.74,3537.71,1350.08,18282.65,3834.68,27490.81,23145.1,25570.66,4806.18,3191.99,29285.67,2003.66,14739.19,3294.42,2382.57,36764.75,4429.94,1121.71,11798.17,652.1,13521.01,496.07,1939.79,11429.35,899.68,9279.82,4883.65,769.89,720.5,3028.61,25614.64,29290.58,1102.37,20079.29,2568.8,7300.63,3485.34,3832.11,15202.85,3878.25,6460.2,1068.47,2362.73,22522.35,2759.42,25812.01,16977.63,1115.54,1080.96,1513.3,6123.54,9583.65,6196.88,10129.58,22179.35,996.13,809.74,10214.63,36672.1,8025.85,7819.33,1038.02,4485.75
1993,8488.18,27813.49,25631.96,836.97,23405.51,1282.25,937.57,1411.43,2379.21,6686.83,17906.81,6251.97,900.89,29087.46,35708.65,8870.66,3079.76,2063.65,2195.64,1003.75,2005.26,7180.06,3312.87,2238.7,8484.92,19730.69,27119.05,25284.38,5587.98,7126.48,5171.7,2968.9,17881.06,605.47,21523.32,5687.7,24425.03,9867.94,22205.77,2500.45,2961.07,2628.45,1349.98,1975.84,17176.92,4072.83,30012.19,3151.62,1207.58,3708.87,1414.31,19293.25,4734.2,27618.16,23574.76,25519.28,5096.0,3204.6,30067.56,2058.14,16049.44,3535.0,2573.72,38965.11,4413.7,1106.09,12924.66,672.65,14277.74,506.12,2086.89,12035.63,963.98,9884.36,4872.32,745.52,593.73,2873.22,26304.54,29431.27,1158.01,21248.82,2582.95,7450.62,3655.44,3981.39,15528.33,3988.88,6678.88,1038.46,2239.49,21439.1,3026.32,24743.27,19288.72,1040.59,1030.94,1216.56,6603.28,8930.93,6525.28,10939.16,23268.66,934.91,821.03,10514.39,37376.82,7528.23,7803.39,990.44,4466.27
1994,9765.5,28736.49,26713.59,832.67,23911.2,1165.3,870.88,1446.96,2530.51,7406.44,18949.64,6337.77,1068.21,30167.4,36335.8,9526.2,3174.82,1963.56,2061.96,714.58,1862.62,7449.05,2943.26,2567.51,8664.38,20426.26,28071.47,26324.73,5767.47,7023.89,5186.0,3329.37,18592.82,546.53,22249.63,5881.56,24814.38,8756.07,22746.82,2558.37,2953.03,2554.39,1472.55,1197.42,17883.32,4155.21,30830.9,3142.47,1024.94,3925.58,1486.66,20147.65,4893.35,28268.5,24303.76,26351.47,5049.58,3255.25,30935.7,2298.49,17903.84,3772.26,2519.09,40569.61,4866.64,1075.82,13327.99,660.85,14600.33,545.05,2135.69,12598.79,1115.38,10435.66,4806.99,739.34,522.06,2992.63,26892.19,30415.05,1360.28,22273.05,2552.17,7505.58,4194.42,4341.68,16496.58,4120.85,7115.17,503.01,2183.78,19735.02,3225.28,26174.59,19596.35,937.53,1042.02,1330.03,7139.42,8881.38,6992.36,10081.58,24093.78,873.73,1064.96,11318.92,38579.22,7018.51,7921.52,914.85,4833.88
1995,10810.95,29886.15,27733.3,744.94,24819.74,1201.21,928.72,1483.78,2772.46,8467.91,19639.82,6777.71,1072.05,31342.62,36625.2,10772.42,3339.88,2186.66,2219.89,719.6,1748.71,7650.29,3388.85,2298.08,8793.72,21253.33,29052.5,27109.0,5799.07,7217.17,5116.75,3884.28,19506.09,592.69,25062.96,5705.19,25257.43,9562.61,25176.28,2603.72,2949.8,2562.85,1459.23,1729.82,18362.8,4341.58,31250.56,3399.49,1319.64,4227.86,1571.47,23008.2,5066.16,27958.66,25386.33,27628.71,5066.97,3305.09,32587.88,2147.89,20036.82,3827.85,2605.04,40390.87,4740.58,1064.61,10599.88,881.2,14610.31,485.53,1946.07,13245.92,1059.53,11347.92,4864.45,771.07,453.2,3110.42,28070.57,32595.95,1420.13,23143.97,2640.86,7313.57,4625.29,4690.31,17108.18,4200.74,7646.1,632.47,2183.53,20100.67,3577.57,27908.92,17638.65,997.94,1060.45,1321.25,8029.75,8896.83,7489.47,10635.01,25267.17,913.75,1044.68,11166.09,39214.82,7286.03,8175.85,917.49,4684.63
1996,13809.47,31260.99,28277.61,680.89,24761.61,1228.48,1005.38,1495.48,3040.02,10003.46,22240.0,7583.35,887.94,31819.08,36839.87,11124.26,3551.18,2298.28,2296.85,626.53,1933.28,7542.12,3204.79,2720.47,8432.14,20746.6,29394.68,27997.84,5930.8,7472.64,5037.8,4593.82,20152.8,584.41,24939.68,5884.6,25696.49,10512.79,26622.01,2581.66,3106.7,2547.13,1508.61,2961.92,18799.15,4353.89,32547.65,3161.68,1497.16,4530.25,1682.89,24657.29,6138.31,28448.04,26556.98,28196.89,5129.6,3173.39,34219.94,2175.46,22056.89,3998.41,2826.15,40564.35,5475.25,1074.27,10710.15,1091.27,14483.91,554.84,2136.97,14822.05,1002.84,12065.23,5003.47,734.24,441.22,3206.25,29106.84,36455.94,1512.99,24040.17,2729.75,7596.59,4807.05,5011.94,17506.88,4145.97,8061.96,734.77,2269.41,23651.82,3638.73,28746.26,18363.18,995.08,977.23,1529.07,8793.5,8717.65,8470.69,11725.81,26759.92,928.12,1015.76,11760.18,40314.78,7098.15,8417.47,1011.79,5142.89
1997,14092.54,32515.43,29661.54,660.2,25885.14,1319.08,1072.75,1462.76,3023.34,9547.07,23057.34,7942.67,911.23,32788.73,38289.12,11197.62,3562.92,2235.21,2338.68,628.71,1793.33,7596.85,3224.93,2584.9,8607.88,21056.32,30350.45,29352.77,6457.68,7121.59,5191.65,4652.39,21667.77,621.33,27091.15,5654.29,27039.02,8966.91,28180.0,2773.18,2771.56,2546.17,1723.21,5390.64,20372.27,4497.8,33116.83,3202.3,1536.57,4541.06,1753.18,27363.75,6317.48,31706.85,27423.23,29380.91,5052.29,3312.83,34351.98,2153.58,21418.1,4157.15,2876.38,43855.98,5018.51,1089.19,11353.3,1166.65,16576.89,618.55,1981.54,14648.86,1076.11,12368.03,4971.94,719.8,461.26,3291.21,30976.48,38306.41,1483.86,24698.8,2658.5,8234.36,5056.17,4819.89,18897.96,4157.21,7668.48,799.42,2264.23,24642.64,3830.64,29698.54,19901.71,1173.83,1049.05,1623.15,7965.44,8858.95,8411.29,12213.67,28169.94,986.49,1036.94,11795.26,41664.15,7122.24,8498.78,1060.77,4194.95
1998,13905.52,33244.35,30805.49,721.62,26021.09,1340.46,1119.65,1422.11,3030.59,9008.58,21070.23,8060.03,936.97,32944.95,39303.38,10931.26,3598.27,2222.57,2390.19,557.13,1385.49,7314.48,2880.33,2845.24,9255.29,20584.08,31364.74,30115.53,7143.23,7289.63,5184.89,4640.63,23017.71,558.34,29232.72,5485.12,28400.59,7542.29,28767.47,2697.56,2748.35,2483.71,1421.84,5043.21,21436.89,4671.92,30575.22,3214.97,1506.05,3622.24,1850.77,29761.69,6371.29,32868.13,28141.3,30741.4,5094.62,3288.96,33746.16,2106.39,18530.53,4458.02,2488.41,46915.44,4995.57,1107.41,12051.54,1211.65,17185.08,628.47,1978.9,14864.61,893.01,10290.03,4987.18,773.57,425.9,3400.37,31800.34,36239.3,1405.65,24927.21,2706.71,8766.86,4881.22,4332.62,19846.37,4231.18,7488.44,795.07,2292.04,26720.35,3974.46,30893.14,18748.4,1159.79,1017.13,1367.48,6649.07,8714.89,8229.61,11900.92,29208.49,1040.7,1100.81,11906.44,43029.3,6429.99,8441.76,992.24,3522.58
1999,12945.7,34543.73,31911.77,716.98,27228.9,1427.15,1156.0,1352.08,2978.82,8573.46,21424.04,8716.5,906.75,34993.95,40572.8,10320.49,3841.34,2134.25,2428.61,564.6,1744.11,6817.21,2828.06,3265.54,9152.27,21924.71,32673.4,31446.31,7499.71,7458.23,4806.65,4777.42,23909.89,562.13,30647.88,5838.44,29592.16,8698.27,29775.81,2765.11,2519.3,2618.68,1601.8,6394.13,21774.3,4826.45,30768.29,3081.59,1666.6,3618.03,1948.24,32296.89,6940.02,34866.56,29116.11,31602.66,5170.11,3360.63,33755.54,2071.16,20405.96,4439.66,2503.83,51821.87,4729.2,1132.12,12230.76,1197.02,17934.92,592.54,2070.1,14705.54,899.04,10546.73,5043.3,756.88,673.32,3535.43,34100.59,40213.82,1376.2,26313.36,2708.19,8875.57,4810.72,4131.87,21029.49,3928.33,7504.06,753.76,2434.75,27382.03,4097.54,32695.41,19425.61,1284.18,1003.79,1460.21,6796.41,10308.01,8156.56,11187.97,30274.53,1085.26,1124.7,11200.74,44498.79,6469.57,8412.57,965.82,3147.81
2000,12719.65,35218.34,33636.0,677.66,28958.13,1553.01,1172.51,1370.77,2970.22,8570.51,21469.33,9219.74,916.26,36909.57,41014.47,10578.54,4108.34,2044.67,2459.11,496.05,2439.77,6924.48,2678.25,3480.81,9358.48,25066.06,33330.49,33215.92,7468.38,8211.65,4997.45,4848.18,25247.84,539.68,31948.67,5925.85,31161.32,10202.0,31526.2,3213.65,2318.57,2764.3,1543.19,8274.68,22776.1,4982.75,33961.61,3224.57,1963.4,3449.26,2004.19,35622.75,7624.65,34227.71,31339.82,32352.12,5221.94,3531.0,34570.58,1994.03,21825.26,4476.34,2530.03,57062.16,4500.22,1161.66,12936.47,1156.92,21808.2,664.03,2052.07,14763.02,863.51,11914.92,5103.92,706.17,975.94,3569.41,37274.07,49518.62,1381.54,26470.39,2727.49,9208.67,4876.38,4162.41,22161.7,3722.87,7741.5,768.84,2380.0,36042.19,4316.2,34892.94,20650.24,1616.73,942.31,1332.45,6949.92,12589.38,8302.56,11908.15,31837.22,1130.72,1153.27,10674.38,45859.25,7682.14,8718.72,1154.51,2600.22
2001,11823.24,35957.85,32745.07,671.76,28936.24,1615.13,1176.58,1384.55,3042.54,8414.47,19464.51,9044.18,910.74,36219.03,40650.57,10409.52,4421.76,2012.05,2452.78,482.29,2268.44,6861.58,2902.92,3572.51,9580.14,25391.17,33760.91,33087.97,8089.0,8151.64,5257.06,5006.4,25694.12,611.89,32088.68,5862.26,31812.6,9016.26,32056.67,2907.01,2136.11,2770.17,1540.85,11771.31,23546.07,5158.05,36139.74,3193.88,1873.65,3491.01,2068.45,37716.86,8610.6,35696.86,31158.69,32183.65,5204.68,3718.93,34149.93,2020.16,22258.75,4446.18,2672.01,53040.59,4549.71,1209.17,12764.81,1256.02,19305.78,700.41,2030.7,14329.45,772.8,11504.25,5172.08,745.74,1011.62,3592.65,37551.53,49814.92,1294.92,26958.17,2689.74,9196.4,4839.86,4112.35,21966.42,3845.78,8415.83,813.72,2420.1,33332.42,4444.16,33910.38,18371.89,1843.2,991.17,1297.7,7145.07,11877.18,8382.59,11435.9,30602.53,1195.33,1188.54,10169.12,45743.31,7343.05,8906.67,1192.6,2649.45
2002,10015.69,36426.1,33275.53,685.47,29629.69,1729.74,1194.38,1431.28,3135.75,8360.56,18022.0,10497.42,894.52,36101.64,40703.84,10372.61,4776.87,1952.01,2466.66,486.77,2194.84,6848.47,2896.71,3647.75,9480.76,24419.11,33669.54,32874.67,8013.85,8314.15,5653.61,5056.29,26237.3,528.13,31833.09,5784.54,31794.04,9253.78,32065.39,2841.68,2009.9,2529.22,1467.15,10479.76,24419.56,5233.82,37823.18,3256.45,1833.76,3504.46,2150.09,41652.81,9697.13,35283.92,30708.83,31600.5,5185.68,4097.03,34027.29,1916.87,23817.01,4709.66,2678.44,51204.08,4436.96,1094.0,12447.02,1259.72,19643.63,827.01,2127.29,14242.92,911.4,11944.33,5312.94,757.88,1197.68,3528.29,37352.73,47715.86,1269.13,27324.73,2746.13,9500.08,5071.5,4083.26,21934.16,4916.76,8755.68,929.64,2357.94,35338.91,4613.19,33917.98,18401.22,2217.88,715.73,1317.2,7657.43,12249.09,8216.41,11161.4,31534.23,1276.39,1215.05,9352.45,45921.64,6845.48,9246.31,1241.02,1926.46
2003,10747.38,37605.28,33923.61,699.06,30699.68,1787.72,1215.41,1447.79,3233.86,8224.08,17418.49,10227.64,837.02,37581.13,41174.43,10717.51,5030.64,2141.36,2550.35,514.58,2238.07,6997.89,2808.23,3776.58,9641.13,22480.72,34364.74,33433.93,7330.76,8976.72,5896.16,5140.55,26253.68,547.36,32357.46,5399.29,30852.23,10143.21,32622.47,2942.8,1744.06,2718.39,1450.48,11693.96,24501.45,5307.08,38804.29,3334.41,1844.84,3510.57,2318.81,44729.08,10739.65,35123.11,29046.47,31562.44,5641.3,4096.07,34567.02,1829.32,24592.35,5059.95,2679.36,49380.41,4546.2,1174.43,12326.07,1382.6,20578.28,880.56,2350.26,14006.82,919.01,12486.64,5258.4,758.97,1608.81,3555.94,37199.1,51127.16,1375.37,27802.16,2775.49,10440.69,5319.4,4099.65,21745.82,5090.78,9238.18,916.68,2396.15,31959.42,4819.13,34809.4,17943.02,2628.33,809.95,1319.15,8169.83,15820.87,8192.86,10760.99,32112.99,1332.36,1236.89,9269.6,46805.53,6608.34,9306.71,1367.86,1581.61
2004,11629.04,38486.19,35065.06,712.61,31329.31,1854.68,1242.97,1460.98,3377.78,8553.79,17871.84,10565.8,845.28,38872.76,42433.39,11827.21,5455.52,2001.65,2548.28,550.67,2620.39,7239.19,2714.47,4024.97,9936.75,22767.2,35302.39,35096.87,7521.69,9332.84,6451.94,5303.68,26790.56,629.86,33758.64,5372.09,31290.08,11940.98,33261.03,3075.39,1646.35,3060.49,1473.08,15226.85,25578.89,5406.17,44361.03,3457.77,1725.35,3788.15,2457.32,46513.08,12079.5,36618.46,28426.97,31554.46,5713.6,4523.79,35412.69,1860.25,25980.62,5206.8,2652.48,45351.94,4482.6,1199.19,12978.89,1259.53,19368.77,890.68,2377.39,13904.56,1030.45,13431.06,5670.57,706.64,2283.28,3635.34,37723.11,54257.92,1317.61,27669.91,2946.56,10474.62,5672.39,4138.26,21659.34,5279.64,10362.06,985.31,2399.85,36841.55,4952.95,36333.67,14313.87,3568.11,1172.66,1269.21,8757.68,17453.52,8261.44,11817.83,33572.64,1370.25,1266.15,9589.45,48199.15,8338.2,9701.97,1415.32,1464.88
2005,12511.98,40717.33,38239.33,680.47,34705.05,1891.78,1314.67,1501.17,3556.02,8765.52,17864.87,11886.02,848.2,41399.68,45701.48,13145.03,6090.22,1964.12,2577.15,580.28,3600.71,7632.75,3010.29,4064.23,10523.79,26227.85,37144.27,38189.16,8334.82,10519.47,7232.38,5524.25,29247.92,733.82,35936.87,5244.52,33743.73,15793.25,35381.24,3082.31,1648.52,2956.21,1442.78,22580.04,26057.21,5537.52,46823.1,3713.32,1759.82,4084.13,2759.55,50224.94,13731.0,39537.4,28211.98,32689.79,6109.82,5585.29,36243.6,1939.86,27722.99,5311.97,2696.32,56529.12,4402.47,1233.23,13690.06,1332.2,21823.21,944.7,2687.74,13403.55,1072.14,15053.96,6120.02,703.93,3392.73,3825.17,42666.08,66904.06,1317.44,28453.11,3201.29,12714.26,6186.25,4222.91,23783.93,5456.41,10917.66,1049.53,2534.66,49752.27,5410.57,37646.99,18290.4,5388.62,1430.28,1192.07,9521.28,21231.28,8679.38,12930.96,35798.86,1500.94,1350.85,10142.07,49471.51,10490.75,10323.74,1577.27,1198.58
2006,13452.63,40892.36,38846.8,695.82,33519.24,1888.97,1335.87,1618.48,3692.71,9457.03,15839.93,12129.41,853.72,41216.05,48289.13,15198.14,6585.75,2020.0,2593.57,606.0,3856.69,8287.11,2901.1,4226.33,10574.51,26774.7,37970.13,39561.54,9262.2,11446.06,7705.49,5929.19,31453.71,729.24,36560.66,5764.95,34381.11,14611.89,35651.15,3073.86,1682.28,2763.46,1398.42,22548.22,27997.04,5730.86,42760.66,3759.34,1713.9,4457.0,3062.42,50639.73,14537.57,37852.48,27929.3,33749.8,6295.03,6048.37,36710.0,2093.79,28566.5,5861.06,2757.05,55356.73,4748.82,1271.46,13994.11,1470.18,21386.17,953.83,2961.88,14050.48,1051.15,15076.9,6662.63,720.35,3542.27,3823.83,43585.46,72366.96,1378.75,28521.24,3472.4,13661.72,6934.59,4356.38,24823.98,5702.76,12561.39,1159.66,2517.35,53755.37,5686.65,39083.89,20073.58,5056.16,1482.64,2080.72,9985.63,25438.51,8952.62,14593.35,36025.0,1602.5,1395.65,10692.89,50456.05,12223.41,10956.93,1778.73,1016.67
2007,14658.5,41270.24,39991.92,692.87,34195.51,1951.72,1298.39,1787.82,3859.09,10414.91,18048.72,12376.49,872.13,41641.55,52889.6,16322.7,7054.6,2097.19,2647.99,620.91,2924.76,9031.45,2284.67,4781.11,11048.07,27646.11,40261.06,40469.51,10051.89,11688.28,8066.78,6659.5,33101.18,854.57,39559.26,5756.25,35752.67,14837.72,35273.55,3582.29,1665.85,2701.92,1380.51,25981.93,27904.25,5993.9,44803.17,3923.35,1743.02,4904.04,3399.05,54168.51,16202.06,39231.37,27758.65,35186.85,6631.62,6908.16,37383.57,2180.36,30139.92,6392.53,2666.75,58264.94,4984.77,1297.35,14217.1,1457.34,22403.02,970.08,2913.55,15395.98,1201.43,16380.52,6874.47,711.34,4436.69,3960.61,46372.72,72809.11,1460.53,30204.31,3674.69,12592.6,7619.21,4619.76,25296.4,5795.96,14175.0,1188.15,2603.17,57221.51,5939.11,41400.29,23568.72,5285.66,1589.3,1181.44,10626.81,27738.06,9465.96,15702.91,36996.9,1740.07,1441.84,11757.53,50965.32,13747.03,11466.61,2317.17,1060.41
2008,15489.02,42713.22,41368.64,716.68,37041.64,1957.91,1298.92,1986.07,4289.9,11473.53,17096.41,12277.09,864.44,42891.66,56317.89,15692.97,7463.85,2180.69,2716.28,592.47,4044.28,9738.93,2413.62,5221.45,11534.45,28820.89,41326.8,42811.01,10178.83,12315.76,8853.28,7796.04,33294.49,919.88,40902.55,6107.82,35852.72,17160.73,35986.38,3913.24,1686.36,2656.93,1368.93,33882.5,28635.58,6140.79,43456.06,3699.16,1667.51,5781.62,3574.28,50692.28,16442.68,49151.11,27208.32,35871.99,6553.93,8690.77,36680.12,2211.77,30044.22,6865.91,2843.73,56570.13,5577.9,1426.29,14379.96,1556.71,22300.33,996.02,2852.24,15428.81,1295.39,18092.98,7584.71,740.03,4484.6,4062.65,48119.07,81911.47,1601.98,30201.24,3832.23,13701.89,8264.14,4852.92,25166.09,6009.25,16495.37,1194.22,2583.47,50456.72,6087.48,42085.53,15011.55,5411.03,1641.52,1138.39,11285.9,32251.47,9896.02,16538.58,35450.7,1815.19,1510.06,13097.27,50403.33,15993.57,11570.48,2409.87,811.43
2009,14300.92,41760.04,39393.85,704.24,35552.82,1910.37,1263.74,2135.91,4396.04,11794.13,14776.6,11143.59,840.18,38127.17,54654.27,15847.61,8099.17,2320.2,2645.71,589.4,3179.69,9802.53,2391.47,5297.94,12052.77,28327.43,38683.04,40885.18,10681.62,11063.54,8476.77,8018.8,31979.58,951.76,37355.53,6487.05,34569.62,10456.32,33064.51,3622.81,1578.53,2628.54,1321.98,22647.61,27698.38,6170.13,38546.02,3639.79,1698.38,6304.22,3794.76,47728.01,16459.48,41567.13,27996.89,34406.42,6548.64,9506.76,34956.41,2296.95,29217.32,7595.01,2720.24,51742.88,6057.66,1373.11,13618.06,1825.41,22134.39,975.44,2681.25,14859.86,1014.8,16735.19,7283.49,750.29,4752.57,3901.03,43955.37,68360.87,1807.07,30071.43,3985.95,13982.93,8232.09,4969.97,24704.05,6255.25,16272.98,1275.35,2685.27,47160.35,5821.62,38702.04,17381.99,5185.6,1484.95,1164.84,11059.82,23902.33,10188.49,15845.15,34075.0,1821.38,1621.75,13847.07,48568.15,13660.75,11093.3,2617.66,1393.22
2010,15841.66,44854.9,40489.81,731.42,38177.95,1920.0,1327.22,2411.1,4806.61,13541.46,13995.61,12256.14,865.44,40269.04,55688.02,18092.94,9337.29,2452.61,2684.97,634.97,4979.99,10636.5,2293.0,5644.82,12106.99,28046.37,40627.23,43416.22,11500.13,12590.22,9129.14,9148.84,31610.98,1100.18,38394.06,6902.07,35786.16,11961.17,34810.28,3931.29,1742.73,2681.86,1387.25,31416.89,25815.8,6359.26,41687.95,3789.91,1650.27,7365.44,4357.06,47823.51,17328.46,37729.02,28638.9,34727.67,6675.18,9351.39,36595.63,2484.03,31589.71,8390.43,2432.8,57882.81,6421.94,1459.92,14507.01,1873.28,22983.45,969.23,3082.65,15178.33,972.05,17913.16,7689.17,845.87,5186.3,3992.76,44004.15,73262.68,1996.2,30867.05,4171.42,15055.24,9262.16,5391.23,25788.27,6825.2,16775.61,1379.7,2741.12,58618.44,6096.96,40421.91,17960.35,5700.33,1880.37,1222.82,12496.24,27510.24,10647.83,17930.68,37188.89,1979.17,1723.59,15783.41,49500.63,16357.74,11388.64,2870.89,1479.03
2011,17035.81,46505.78,41933.94,777.36,38542.15,1895.33,1345.74,2763.17,5326.53,14968.02,12202.3,13325.45,920.08,42131.67,60268.65,19859.19,10258.42,2391.39,2788.38,666.18,5975.56,11783.13,2515.92,6108.73,12695.54,27450.78,42887.25,44592.17,11619.99,13181.4,9973.09,10459.66,31163.05,1195.88,39141.19,7186.84,36813.25,16298.99,35028.72,4347.69,1823.47,2416.37,1474.74,37498.22,23363.9,6685.7,44788.87,4026.25,1657.08,8825.22,4721.0,48321.33,18188.09,37747.91,29320.33,35739.02,6775.21,10313.55,36122.83,2639.44,31970.4,9443.0,2529.45,54199.08,7146.23,1524.11,15542.92,1851.31,23231.09,925.35,3088.81,16831.49,1064.71,19988.98,8280.23,792.96,5192.15,4176.79,44757.7,80391.63,2176.97,31903.79,4454.62,16937.37,10082.97,5802.64,24962.73,7351.39,17443.13,1494.45,2735.59,61861.35,6445.71,42318.99,20771.24,5739.69,1933.2,1268.15,13206.63,30922.31,10421.75,20011.9,38600.81,2203.95,1828.22,17174.03,49967.9,17725.97,11832.06,3190.39,1686.76
2012,16968.1,46175.12,43265.53,789.88,39135.85,1978.16,1456.03,2702.42,5611.96,14998.42,11253.07,13343.1,954.38,42477.1,61624.74,21282.5,10645.56,2609.87,2878.48,740.51,6064.18,12203.27,2654.49,6244.71,12887.23,27352.08,42580.44,43650.11,11743.77,13462.52,10335.65,10423.29,30996.58,1249.39,38717.64,7077.11,36517.45,14676.4,35502.5,4636.12,1940.99,2503.29,1333.67,38333.51,22316.07,6694.35,45540.16,4053.24,1610.12,9160.22,4995.32,48821.1,16355.36,38589.13,30389.09,35366.63,6738.83,10298.68,36588.05,2744.62,31817.42,10157.43,2821.47,58092.13,7343.73,1527.12,15979.89,1983.15,23509.71,955.52,3014.88,17044.47,1004.17,20889.14,9247.78,837.85,5482.68,4289.28,45481.4,83851.23,2376.44,31791.24,4516.84,18211.22,10580.96,5949.81,24758.65,7555.86,18493.82,1569.25,2746.21,61503.83,6598.88,42398.96,21799.77,4903.2,1951.84,1390.63,14240.28,31777.15,10845.44,20904.22,38466.58,2167.96,1802.41,17854.84,50840.31,17974.71,11810.73,3388.72,1797.59
2013,16920.75,46714.16,42553.88,851.16,38603.24,2038.61,1480.23,2821.06,5910.23,15179.21,10230.9,14049.55,606.87,43388.41,61927.72,21730.17,11169.53,2771.79,2951.71,804.15,4931.46,12490.17,2807.98,6133.96,12796.82,25565.98,43309.9,43203.85,12029.79,13293.02,10876.1,10513.78,30584.41,1377.38,37121.5,7641.85,37074.52,14854.61,36996.81,4870.21,2068.01,2617.93,1332.67,34174.04,22754.2,6722.59,51960.57,3863.01,1655.49,9476.41,5154.95,49024.11,16238.01,38247.84,31756.46,34716.01,6858.32,9636.91,37268.0,2800.76,32150.84,10609.27,2930.78,55527.98,7545.67,1515.79,16503.95,2041.52,23098.02,1121.67,3182.85,18009.35,1059.37,21814.16,9519.61,848.24,5495.84,4418.82,48067.87,81761.36,2441.35,33290.45,4592.59,18959.3,10864.53,6332.71,25030.64,7814.69,18643.06,1623.64,2838.39,60890.68,6590.2,41462.2,25955.41,4403.32,1937.32,1408.11,14593.04,36750.42,10876.88,21996.53,39259.88,2193.11,1816.35,18652.69,51547.75,16596.31,11836.35,3470.48,1881.82
2014,16233.32,46920.89,44065.44,852.29,38166.57,2180.6,1487.03,2950.61,5836.46,15032.2,10198.38,14768.77,614.1,45044.28,63067.49,22589.86,11808.16,2932.5,3015.61,825.61,5101.19,12769.83,2881.43,6127.45,13560.92,24624.09,44745.8,43040.76,12675.51,12953.32,10872.47,10579.69,31177.77,1540.63,36899.66,7658.32,37070.69,13582.48,37147.69,5168.57,2021.68,2620.6,1380.11,30664.41,22797.83,6922.96,45410.0,3955.28,1671.83,9776.43,5434.34,52549.7,16011.7,38381.01,33613.12,34683.63,6896.39,9475.59,37741.94,2853.72,33151.47,11148.38,3145.73,64658.27,7502.53,1540.78,17223.21,2074.43,23144.87,1284.99,3006.22,18781.22,1036.41,22044.49,11106.03,895.26,5508.29,4664.9,45789.12,75652.12,2595.57,34784.37,4725.52,19387.74,10990.93,6537.25,25493.19,7992.91,19073.56,1716.13,2915.35,66363.48,6720.64,41033.58,24863.27,4819.61,1613.44,1463.87,14380.92,39949.11,10777.05,23675.0,41323.62,2359.12,1810.98,19472.59,52504.05,13532.43,11925.56,3534.84,1904.77
2015,16414.08,44831.48,44626.29,794.49,36975.87,2146.18,1520.55,3114.06,5533.64,14272.85,9876.89,14579.87,690.02,42232.33,62835.66,22323.1,12009.44,3126.04,3044.94,827.45,3609.26,12521.39,2904.17,6256.15,13978.96,27196.2,44482.5,42843.97,13594.71,12077.44,10089.98,10772.85,32879.49,1615.09,37691.35,7806.78,37809.06,12551.34,38172.35,4908.91,2033.66,2685.11,1496.5,18984.14,23186.0,7073.66,39773.15,4054.63,1649.28,9781.21,5722.52,67492.67,14834.18,39502.17,34850.78,35186.26,6836.14,9319.78,38875.07,2935.53,34411.07,11870.99,3285.72,69708.12,7832.54,1508.81,16903.82,2114.35,27477.23,1304.49,3126.52,19660.58,1135.46,21489.6,11305.74,926.14,4965.56,4816.98,45060.97,62841.77,2527.91,34812.04,4815.92,20123.97,10942.13,6824.77,26448.62,7785.79,20281.78,1854.99,3039.99,65360.74,6502.29,42113.52,26024.54,4955.85,1650.53,1524.07,14661.52,44047.24,10695.64,25508.61,41680.61,2533.84,1892.6,19144.82,53533.28,7393.56,11924.6,3611.51,1847.62
2016,16085.71,46755.23,44791.38,803.35,37170.44,2042.25,1559.54,3218.99,5653.13,13787.69,9424.46,14951.12,719.82,42062.38,62668.33,22724.9,12369.49,3346.56,3108.11,774.13,3578.54,12593.01,2849.55,6464.25,14454.99,28137.32,45852.55,43566.54,14307.48,12193.96,9718.98,10877.04,34054.19,1614.91,38374.28,7551.46,38208.8,12357.73,38026.52,4798.7,2116.91,2530.04,1599.05,15434.62,23041.72,7178.04,39576.74,4134.32,1657.92,10123.33,6037.99,71948.95,15574.61,40422.21,35619.47,36918.22,6795.17,9002.5,39587.56,2999.33,35326.34,12318.71,3263.84,72530.2,7995.41,1520.41,17171.14,2238.19,27904.06,1423.24,2939.4,21135.75,1026.39,21804.36,11000.81,903.88,4426.37,5042.49,44591.04,59646.38,2532.47,35936.34,5037.86,20807.68,11183.41,7342.82,24574.21,7930.34,21949.11,1937.4,3070.83,64978.66,6563.77,41898.1,24260.73,5438.12,1476.7,1527.04,14929.28,41578.27,10838.53,25548.15,42227.58,2418.83,1790.44,19423.28,53984.24,7358.52,11720.43,3552.0,1821.66
2017,16466.73,47392.62,46103.27,799.61,38340.89,2113.94,1628.46,3436.05,5838.07,13812.99,9272.58,14997.14,727.29,42906.63,64219.3,22728.88,13042.65,3513.75,3149.26,760.47,3726.67,12796.99,2871.04,6968.64,15043.89,29228.8,47556.0,45875.33,14780.61,12323.57,9879.77,11202.35,35696.12,1591.49,39893.37,7600.84,39461.11,11803.62,39127.88,4988.86,2281.5,2644.41,1667.89,14478.68,23765.19,7255.57,40584.48,4254.99,1668.65,10594.07,6421.67,75916.08,15964.64,41306.17,36185.71,37999.7,6804.96,8996.94,40373.75,3072.03,36264.55,12696.96,3238.55,74605.23,8265.65,1591.55,17382.66,2334.35,30831.0,1376.55,2988.79,22827.0,1038.32,22775.84,10301.68,908.65,4285.06,5209.72,46601.56,60590.25,2720.2,36537.79,5303.38,21928.21,11370.37,7679.18,24309.6,8135.34,24348.96,1997.62,3208.14,67138.11,6659.8,43375.88,32104.81,5615.96,1307.97,1566.15,15740.31,39779.81,11126.99,27262.66,43211.0,2479.45,1802.48,19722.97,54794.76,7696.67,11741.27,3699.01,1871.81
