Year,Argentina - ARG,Australia - AUS,Austria - AUT,Belgium - BEL,Burkina Faso - BFA,Bangladesh - BGD,Bolivia (Plurinational State of) - BOL,Brazil - BRA,Barbados - BRB,Canada - CAN,Switzerland - CHE,Chile - CHL,China - CHN,CÃ´te d'Ivoire - CIV,Cameroon - CMR,D.R. of the Congo - COD,Colombia - COL,Costa Rica - CRI,Cyprus - CYP,Germany - DEU,Denmark - DNK,Dominican Republic - DOM,Algeria - DZA,Ecuador - ECU,Egypt - EGY,Spain - ESP,Ethiopia - ETH,Finland - FIN,France - FRA,United Kingdom - GBR,Ghana - GHA,Greece - GRC,Guatemala - GTM,"China, Hong Kong SAR - HKG",Indonesia - IDN,India - IND,Ireland - IRL,Iran (Islamic Republic of) - IRN,Iceland - ISL,Israel - ISR,Italy - ITA,Jamaica - JAM,Jordan - JOR,Japan - JPN,Kenya - KEN,Republic of Korea - KOR,Sri Lanka - LKA,Luxembourg - LUX,Morocco - MAR,Madagascar - MDG,Mexico - MEX,Mali - MLI,Malta - MLT,Mozambique - MOZ,Malawi - MWI,Malaysia - MYS,Niger - NER,Nigeria - NGA,Netherlands - NLD,Norway - NOR,New Zealand - NZL,Pakistan - PAK,Peru - PER,Philippines - PHL,Portugal - PRT,Romania - ROU,Senegal - SEN,Singapore - SGP,Sweden - SWE,Syrian Arab Republic - SYR,Thailand - THA,Trinidad and Tobago - TTO,Tunisia - TUN,Turkey - TUR,Taiwan - TWN,U.R. of Tanzania: Mainland - TZA,Uganda - UGA,Uruguay - URY,United States - USA,Venezuela (Bolivarian Republic of) - VEN,South Africa - ZAF,Zambia - ZMB,Zimbabwe - ZWE
1960,7262.14,35837.43,18481.16,23770.86,1345.99,3555.9,4702.65,5825.12,26076.22,36180.27,38597.65,15694.69,2251.33,4269.23,3156.12,7144.39,12411.67,16413.92,16876.15,19464.54,26141.7,12784.84,54976.1,14343.43,2435.25,14096.41,1388.53,17865.25,23149.3,25819.81,11488.79,11256.11,7110.51,12885.59,4032.81,2377.29,15306.3,13486.53,27227.38,21255.22,16366.4,14112.87,16046.4,9784.48,4303.82,4046.22,9027.15,37201.7,5901.58,2957.0,25338.57,2482.63,2758.28,1267.63,2100.74,7453.19,3201.3,10074.72,27858.32,25317.87,30088.57,4239.15,7616.94,6194.68,11190.48,1879.45,11632.07,8923.32,24079.86,7732.67,2440.84,28086.95,6974.34,12523.44,7209.19,2748.09,2067.14,18110.53,45430.86,22173.39,14879.4,5313.47,5243.97
1961,7404.17,36759.16,19394.36,24889.94,1271.6,3491.98,4784.77,6480.87,26731.45,37580.27,39960.96,14944.75,2020.44,4316.35,3210.89,5882.58,12866.23,15642.41,18860.38,20044.53,27395.95,12060.63,48106.6,14705.78,2667.14,15505.39,1418.79,19288.99,24292.82,26184.04,10927.13,12786.95,7312.6,13077.93,4355.16,2413.0,16090.31,14079.73,27920.85,22923.97,17630.97,14654.01,18080.58,10719.04,4155.01,4197.41,8751.67,36737.8,8382.81,3054.12,25385.33,2431.09,2693.91,1265.99,2100.18,7930.51,3351.8,9763.82,28091.37,26406.48,31290.57,4331.55,8016.25,6006.56,11792.44,2061.13,11487.58,9881.18,25429.76,8006.55,2530.2,32280.18,7091.41,12622.74,7390.41,2724.91,2053.13,18201.4,46563.62,22288.51,15408.73,5334.76,5409.32
1962,7444.85,37885.01,20026.99,25834.18,1360.92,3659.1,4910.9,6808.89,27476.75,39028.7,40353.56,18389.6,2258.62,4358.44,3194.74,7060.84,13128.19,16183.97,21984.19,20716.76,28282.65,12770.27,26436.01,14954.83,2607.04,16920.21,1442.44,19739.6,25980.73,26321.26,10914.78,12686.02,7392.57,13782.94,4174.84,2495.21,16343.37,14854.51,28614.88,24008.2,18676.21,14751.62,17389.49,11599.39,4370.3,4087.47,9153.94,35976.6,8290.24,3149.13,25655.05,2381.63,3973.76,1354.03,2092.03,8278.3,3670.37,9786.52,28751.83,26748.84,31447.05,4518.22,8577.46,6201.3,12652.08,2245.8,11280.68,11093.08,26300.5,10309.86,2606.2,32205.48,7078.81,13453.75,7709.29,2950.27,2046.01,18240.32,48653.64,23321.93,16066.28,5056.3,5237.18
1963,7091.47,39443.77,20990.05,26642.67,1320.25,3858.2,5157.61,7098.93,27355.66,40213.78,41580.71,18787.21,2518.25,4756.42,3363.91,6662.61,13171.55,16655.45,22032.2,21153.56,28372.46,11901.24,30084.87,14932.34,2701.07,18411.91,1448.13,19824.74,27436.92,27313.81,11501.65,14561.44,7706.32,14932.17,3720.12,2642.12,17008.97,15211.79,31426.59,25858.0,19856.52,15755.22,17610.23,12456.52,4366.55,4419.19,8656.34,36451.01,9344.88,3076.05,27252.18,2298.24,485.81,1353.36,2080.77,8608.67,3941.34,9962.43,28605.49,27560.47,32764.9,4727.47,8900.03,6324.27,13433.67,2420.08,11029.34,12570.04,27538.33,8836.67,2717.78,34422.88,7692.04,14539.62,8216.69,3137.71,2037.2,17736.64,50125.35,24348.61,17325.09,5170.05,5224.28
1964,7357.2,39996.42,22048.23,28110.81,1367.5,3791.76,5404.82,7241.48,27390.04,41615.63,43333.05,19138.89,2809.0,5310.95,3453.02,5905.72,13914.19,17017.6,18617.2,22721.79,30109.52,11837.87,31306.47,15772.0,2986.1,19267.0,1500.68,20471.98,28969.32,28664.91,12532.91,15825.01,7836.5,15744.72,3494.49,2812.24,17449.33,15442.64,32826.56,27322.21,20469.03,16497.91,19178.64,13691.79,4645.48,4721.87,8978.18,38752.93,10438.38,3074.92,30093.29,1824.76,2812.38,1382.78,2022.12,9114.65,3822.98,10209.85,31365.86,29199.21,33293.02,4978.8,9327.87,6138.92,14018.63,2555.54,11147.88,12349.1,29154.72,10728.11,2872.28,36701.61,7811.65,14832.44,9054.85,3555.96,2152.53,18247.42,51963.82,26346.76,18259.23,5749.21,4947.82
1965,8159.37,39305.38,22896.13,28978.76,1366.89,3686.07,5661.51,7516.31,28695.09,42421.13,44723.61,18163.72,3047.48,4877.78,3613.45,6563.91,13594.14,18204.21,23771.58,23780.52,30874.7,10638.98,33855.24,15940.46,3094.74,20214.98,1569.6,21539.81,30233.93,29129.29,12220.19,17683.85,7934.78,17283.4,4121.47,2745.92,17744.25,17361.68,34306.74,26457.48,21554.66,16907.52,20269.65,14311.34,4774.54,4716.12,8709.13,38982.03,10128.15,3001.82,30812.45,1948.99,6382.21,1368.04,2292.62,9497.74,3890.33,10191.67,32427.65,30581.29,34361.47,5343.3,9763.73,6582.82,15052.86,2792.95,10967.22,13109.31,29892.76,10490.23,3127.7,35833.51,8019.37,15038.46,10026.17,3511.41,2115.07,18066.44,54071.76,26555.32,19048.58,6762.15,5320.24
1966,8238.52,40565.96,24266.37,29672.18,1375.12,3679.63,6032.26,7686.81,30382.03,43766.24,45991.49,20027.85,3068.76,5255.64,3742.75,6826.43,13871.86,18602.4,24611.29,24484.82,31141.12,10554.64,29710.12,16041.58,3275.57,21547.91,1586.38,22147.14,31635.05,29575.83,12033.53,19229.92,8171.16,17703.2,3365.09,2708.35,18081.37,18479.46,35782.6,28232.36,23140.18,17098.43,20052.91,15469.97,5129.23,5237.45,9230.37,39396.25,10498.6,3040.75,31747.0,1914.08,7205.35,1346.78,2582.58,9848.02,3776.58,9168.71,32773.97,31552.96,35292.53,5761.88,10322.27,6447.37,15501.4,2927.93,11151.32,14413.12,30355.72,9233.94,3575.43,37285.4,8235.12,17143.21,10634.64,3692.96,2172.54,18601.58,55858.97,26002.38,19725.2,6853.72,5090.85
1967,8414.09,41123.77,25420.94,30934.5,1500.18,3512.02,6431.45,8125.32,33683.32,44204.98,47274.71,20832.69,3042.28,5315.94,3376.04,6101.12,13911.09,18815.88,27126.55,24746.74,32832.37,10496.32,33540.4,16886.8,3475.3,22458.8,1573.98,23213.04,33122.93,30711.62,10792.47,20443.09,8287.43,17621.01,3530.14,2889.21,19271.02,20230.03,34659.12,27432.37,24515.8,17122.06,20849.81,16767.55,5199.85,5335.77,9118.34,41390.0,10178.86,3117.88,32440.18,1946.39,7822.16,1484.96,2636.34,9870.47,3788.13,8422.65,34685.52,33371.32,32681.61,5748.9,10640.43,6281.79,16776.48,3242.02,10785.03,16257.8,31861.29,10170.0,3589.21,38990.34,8156.88,17585.8,11241.63,3792.1,2076.63,17876.69,55914.8,26225.74,20972.32,7881.91,5020.02
1968,8556.18,43211.17,26877.18,32275.0,1553.77,3586.21,5614.65,8745.42,34965.08,46537.56,48743.03,20990.36,2830.68,5822.93,3471.64,6421.17,14320.55,19320.44,27798.95,26117.16,34445.44,9893.06,37375.86,17292.05,3796.93,23852.4,1607.0,24794.86,34633.63,32185.87,10722.57,22074.23,8721.99,17969.34,3607.29,2992.27,20705.52,21802.11,31731.89,27665.62,26124.35,17187.34,19553.67,18593.69,5058.26,5684.82,9700.85,43716.52,9351.7,3306.34,34215.43,2071.27,8803.56,1518.56,2650.96,10074.74,3777.65,8887.73,36613.55,34566.12,32576.85,5916.72,10417.68,6716.46,19146.1,3452.08,10637.2,17689.71,32621.18,10434.21,3761.23,41076.58,8729.25,18764.38,11937.3,3897.18,2131.85,17993.4,57400.33,28498.99,21382.11,8278.84,4535.59
1969,9287.27,45251.79,28284.5,33705.97,1596.12,3698.98,5734.39,8681.88,40171.52,47489.69,50678.68,22108.2,2974.05,6144.74,3663.56,6987.54,14770.6,19720.78,31422.7,27824.26,36024.7,10309.32,40848.54,17335.49,3917.19,25847.95,1672.5,26888.01,36564.3,32807.11,11069.44,24698.3,8996.12,19398.18,3663.79,3267.52,21673.07,23308.08,33071.93,30825.14,27930.21,17798.63,19158.51,20719.12,5266.49,6309.06,10143.07,49153.89,11121.05,3360.16,34489.93,2086.95,9274.35,1574.89,2778.46,10161.62,3415.02,11124.7,37211.49,35621.4,35889.57,6249.09,10721.78,7239.15,19840.41,3674.5,9400.96,20234.95,33544.17,12159.36,4067.03,43915.61,8967.29,19632.16,12328.51,3950.91,2272.72,19039.69,57848.28,29398.67,22725.42,7840.51,5570.51
1970,9444.03,45307.85,30030.46,35666.19,1556.27,3926.13,5525.8,9622.04,44319.48,48884.23,53149.55,22074.36,3196.53,6560.85,3766.95,7017.38,15390.5,20667.91,32247.76,29027.58,36032.12,11391.46,46581.11,18201.62,4513.28,26618.19,1637.54,28409.12,38275.41,33804.99,11796.33,27016.4,9324.27,20510.3,3855.85,3290.75,22260.73,26628.71,34177.74,34033.64,31621.03,20271.35,16185.07,22650.31,4773.85,6609.99,10251.14,48322.31,10373.35,3496.55,35510.65,2178.19,10286.27,1484.88,2834.01,10744.52,3570.71,11353.43,38920.16,28803.11,34227.72,6723.65,10861.16,7629.4,20692.27,3898.56,9947.37,23139.93,35159.17,11931.67,5357.53,43356.68,11528.15,20266.06,13008.38,4130.41,2699.5,20202.52,57601.16,32439.57,23664.89,6673.49,6628.66
1971,9640.03,46090.36,31292.23,36809.86,1524.68,3939.38,5764.01,10222.09,44942.34,50491.45,54541.65,24056.66,3286.23,6775.66,3727.42,6828.52,16500.49,20897.49,34753.52,29939.56,37065.29,11865.7,42837.39,18646.06,4585.94,27615.46,1642.34,29077.12,40392.73,34687.15,11660.37,29025.85,9347.49,21216.24,4020.73,3311.44,22692.05,29520.96,38866.82,36685.32,32352.47,20999.52,15566.81,23798.81,4966.79,7496.09,9953.64,45254.95,10534.19,3560.92,35070.73,2234.61,10829.79,1559.98,3098.28,12721.7,3552.78,12767.81,40650.92,30650.41,34960.73,6627.96,11061.37,7528.11,21589.27,4394.24,9453.14,24333.73,35675.61,12670.17,5449.84,40508.7,12197.08,20514.35,14255.1,4179.58,2623.98,20185.87,59521.92,30368.83,23612.58,6274.36,7020.62
1972,9714.8,46938.82,32979.9,39149.93,1776.27,3810.1,5769.12,10880.81,44799.11,51364.48,55616.88,23151.74,3232.06,6833.95,3823.78,6437.45,17574.38,21455.5,35910.42,31344.59,37895.12,13787.83,48435.07,18111.79,4969.11,29514.03,1663.61,30752.78,42249.13,35679.82,9663.42,31810.53,9612.08,22585.94,4382.96,3288.13,24795.21,32824.36,37488.21,38695.4,34047.76,23127.06,16197.95,25819.51,5337.12,8138.95,10074.25,47514.79,10524.77,3355.64,35952.94,1952.79,11506.6,1603.98,3320.12,13264.14,3375.64,13513.59,42454.22,33573.92,36460.36,6715.51,10913.86,7608.58,23144.56,4855.69,9334.46,25080.33,36429.17,15325.38,5892.59,46583.87,13517.63,21744.94,15676.17,4312.37,2821.94,19520.49,61126.09,30405.1,24080.21,6747.58,7643.25
1973,10162.8,47813.2,34230.25,41547.22,1674.89,3296.51,6120.27,11036.33,42812.44,52361.57,56676.93,22302.28,3391.09,6949.75,3892.68,6945.91,18877.8,22119.47,35118.19,32853.06,38934.1,14594.79,52358.86,19323.33,4518.43,30915.08,1656.82,32316.96,44649.02,37594.67,9987.84,33744.51,9777.81,24315.99,4739.28,3394.88,25879.62,34544.35,40748.98,40006.69,36561.98,23129.19,15227.36,27283.43,5345.94,9454.29,10464.81,52100.05,11011.97,3224.83,36803.93,1986.52,12438.01,1644.07,3139.14,14490.6,2885.02,14841.93,45053.62,34348.59,38635.38,6851.91,11431.65,7881.98,25560.21,5333.78,8586.98,25891.13,37847.94,13504.44,6059.42,45908.78,13348.56,22602.59,16505.54,4493.49,2847.98,19883.97,62903.14,32462.25,26973.04,6589.79,7709.77
1974,10268.78,45144.26,34933.39,42873.84,1814.99,3349.42,6421.61,11735.76,38229.52,51198.04,57404.38,21902.44,3412.21,7187.58,3845.32,7166.63,19785.55,22068.23,32655.73,33604.0,38576.75,13958.34,63077.18,22128.67,4558.07,32209.93,1636.24,33509.96,46268.54,36222.53,10700.72,31364.74,9846.16,23633.88,4926.56,3252.9,26144.71,34307.0,42223.19,41702.52,38628.38,21392.83,15466.46,27196.34,5670.68,10822.25,10860.34,54261.58,11237.04,3160.52,37019.63,1954.29,13775.57,1705.78,3252.07,15557.37,3063.07,16506.22,48750.01,36997.82,38730.04,6888.59,11974.63,8120.27,24205.46,5918.01,8871.1,30560.42,37967.0,16314.77,6198.05,44851.94,14463.57,25080.34,16535.53,4501.55,2637.86,20171.0,61165.08,38388.05,28349.0,6341.52,8206.17
1975,10079.44,46220.08,35229.47,43052.77,1768.82,3162.21,6663.47,11946.45,44345.98,51313.52,54334.1,19278.83,3459.02,7179.36,3893.01,5698.45,19819.15,21717.0,25166.58,34085.9,38217.78,14076.1,63564.59,23343.12,4808.05,32925.21,1632.18,32758.94,46268.74,35602.97,9093.26,33084.95,9709.8,22997.14,4898.5,3475.02,27567.11,31998.7,41764.35,42385.97,38075.01,20568.54,14180.65,28501.03,5554.33,12091.83,10410.86,46403.17,11297.36,3093.28,36635.41,2117.3,16848.97,1665.36,3360.84,14566.99,2678.14,16120.42,48181.93,40589.13,36908.99,6892.69,12273.15,8687.87,22269.91,6432.9,8664.24,31061.42,37963.25,18793.54,6171.35,46024.35,16548.13,26647.21,17165.71,4692.35,2748.74,20881.31,61565.89,36133.69,28144.1,6791.53,7740.59
1976,10106.07,47614.68,35945.76,46099.08,1746.7,3482.09,6706.7,12644.88,32648.59,53601.47,54773.44,19830.93,3287.57,7712.91,3635.95,5043.14,20445.11,22549.58,30959.93,35873.93,39671.17,15447.54,60868.85,24232.07,4882.88,34847.2,1666.36,34483.53,48087.31,37603.57,8160.14,34843.87,9871.44,25776.14,4982.36,3322.96,29057.84,33883.53,40453.3,41695.09,41519.31,19277.3,16252.07,30157.94,5462.54,12502.26,9551.38,49401.3,10905.31,3036.75,36972.2,2327.85,20123.99,1727.24,3337.53,15725.42,2805.47,16012.88,50208.57,43702.72,37640.57,6968.16,12011.74,9207.81,23519.69,7277.26,8911.38,32575.11,38098.01,15866.22,6432.36,48278.59,16821.63,29060.32,19340.42,4880.51,2817.77,21115.45,63154.12,38958.71,27930.2,6919.72,7469.63
1977,10538.46,48053.2,37089.49,46936.03,1896.47,3663.85,6931.89,11801.1,33467.59,54325.58,55648.74,20718.73,3350.03,7908.99,4072.93,5183.12,20423.0,23976.08,35279.62,37105.77,40757.03,14723.84,69114.61,24406.32,5454.48,36684.51,1648.22,35548.46,49649.61,39335.24,8756.09,35206.55,10310.85,27827.43,5324.57,3225.2,30921.3,29029.18,45292.61,40420.13,43508.63,18000.92,16204.62,31827.14,5930.73,13189.63,9135.37,49674.2,11191.39,3014.6,36754.05,2371.13,21935.09,1682.49,3284.18,16450.1,3057.33,17869.26,50789.75,43883.08,36054.52,6854.6,11602.6,9325.12,24491.14,7825.05,8595.97,33148.89,37148.92,11314.7,6768.6,48287.41,17164.53,27498.87,20406.88,4571.45,2853.24,20894.24,63984.0,39823.92,27128.09,5912.71,6469.73
1978,10305.13,50202.61,36786.96,48662.56,2067.54,3695.31,6786.57,11905.04,31867.16,54945.21,56286.48,22142.06,3680.0,8304.66,5007.84,4978.26,21241.02,24684.12,37707.12,38091.42,41538.63,14276.76,65039.89,24965.23,5671.7,38847.97,1642.07,37541.19,51670.86,41789.68,8426.16,37489.31,10440.04,29479.29,5354.88,3092.95,33424.47,24680.21,46055.0,40335.63,45895.38,16687.44,20116.91,33909.83,6233.98,13861.21,9118.02,52605.82,10905.05,2902.62,38256.35,2309.84,25283.42,1668.01,3277.65,17030.97,3226.55,18231.86,51544.13,46619.86,33614.83,6996.48,11052.11,9170.86,24935.33,8408.28,8074.47,34776.85,37890.61,10236.54,6968.2,51475.97,17664.22,26013.66,22362.02,4531.16,2745.46,21922.21,65032.93,37295.17,28102.17,5461.38,6850.37
1979,10796.46,51164.45,38130.62,49692.09,2168.9,3837.55,6787.38,12965.85,29861.02,54727.58,57833.41,23520.56,3768.15,8075.85,5141.67,5616.64,21304.16,25208.28,41535.35,39377.71,42725.57,14270.0,63013.71,25159.61,5715.12,40180.25,1620.59,37636.97,53562.83,43741.91,7981.02,37777.53,10670.83,31411.79,5812.79,2814.02,33585.52,21147.62,47899.58,41419.0,49522.68,15558.06,22532.82,35812.85,6001.88,14355.26,8282.08,54239.19,11261.49,3231.67,39820.65,2585.15,27761.89,1696.0,3113.8,17897.44,3472.4,16954.82,51975.4,48897.56,33291.03,7001.19,11054.23,8857.4,25649.76,9135.6,8344.96,37552.75,38501.4,8810.95,7345.3,52161.83,18397.41,25377.06,23348.92,4486.84,2270.16,23832.07,65486.77,38460.84,29018.22,5157.22,6906.11
1980,10842.16,51525.99,38315.24,53251.3,2136.85,3747.25,6597.39,13141.18,29377.67,54255.13,59527.19,23638.93,3765.01,6883.86,5648.7,5690.69,21831.81,24522.44,42392.16,39589.51,43146.1,13316.2,60719.96,25413.86,5134.21,42624.74,1649.97,38556.76,54490.56,44537.02,7703.75,37875.44,10785.88,32246.02,6329.09,2784.08,35253.65,12300.31,49338.76,42142.85,52135.15,13488.13,26349.76,37604.09,6137.23,13459.6,8249.04,54821.69,10657.56,3189.93,41273.84,2453.88,29085.16,1680.16,2857.84,18861.1,3355.78,14973.47,53287.69,50851.47,33323.62,7469.13,11678.15,9702.96,25973.69,9380.3,7746.44,40361.36,38356.54,8427.19,7157.94,56904.57,19803.35,24645.02,25041.25,4214.3,2072.34,25285.4,64910.22,33701.58,31909.85,4723.86,7140.29
1981,10915.83,53224.02,38553.8,51620.97,2216.31,3695.5,6616.78,13075.31,28816.59,54606.79,58577.78,24412.24,3617.34,6988.33,6261.01,5311.48,20974.5,24177.01,41469.38,38805.94,42195.66,14626.09,64444.75,25159.49,6647.19,41468.34,1814.29,39484.19,53465.64,44843.77,6952.3,36003.12,10759.38,32098.29,6564.27,2680.41,36011.11,10912.78,49292.13,43602.34,51208.65,12762.02,25276.14,37263.96,6100.14,14006.69,8888.87,52576.01,11947.7,2954.88,43345.3,2734.34,32592.9,1740.3,2900.06,18991.47,3098.75,13965.65,52062.95,50661.6,35015.44,7664.53,12193.98,9678.28,25639.03,9243.63,7624.3,40053.94,38865.47,8106.47,7285.22,59046.25,20355.93,27342.94,26135.19,3526.4,2107.17,23963.23,65860.39,32526.71,32896.34,5158.22,8368.44
1982,11283.6,52017.02,39223.4,50586.74,2183.66,3569.98,6454.05,12694.67,30006.88,55134.87,58092.35,22904.09,3707.82,6948.32,6913.13,5295.24,20678.61,22014.06,43774.62,38226.8,42700.76,14340.29,63251.64,23842.62,6520.75,40454.02,1940.13,39243.43,53261.12,45816.67,5865.11,35163.93,10787.98,32731.25,6209.08,2568.34,36617.31,14428.27,49689.48,44129.16,50206.01,12752.15,25088.42,36421.46,6123.83,14678.99,8790.74,52796.85,11348.81,2861.03,41528.09,2920.85,35927.78,1699.37,2972.33,19519.56,3040.89,14305.04,51361.39,50177.9,35101.36,7804.57,11887.23,9940.75,25630.59,9629.94,8531.23,40366.65,39358.22,8074.26,7370.33,59439.12,20043.64,27056.29,26717.2,3548.16,2297.62,21614.64,64785.91,30168.26,32709.28,5282.11,8398.85
1983,11856.01,56014.54,40038.37,49677.86,1990.34,3519.0,6238.66,12381.41,31338.79,56610.38,58556.64,20830.32,3885.52,6776.79,7718.22,5331.84,20535.84,21229.13,44845.4,38531.79,43067.22,14572.15,63779.07,22252.87,7152.21,39741.37,2168.71,39599.05,52467.91,47259.05,5771.5,34489.24,10970.32,34147.47,6610.79,2527.37,36202.51,13876.94,44834.14,44571.48,49423.1,12926.03,24103.53,35286.2,6234.9,16310.75,8889.99,52719.79,12730.31,2946.23,38912.99,2842.53,34372.01,1471.91,3070.42,19949.25,2887.16,14512.68,51913.47,52675.76,37405.13,8142.91,10456.14,9536.02,23862.24,9954.86,8833.3,42284.1,40351.9,7317.48,7594.65,53248.86,20690.93,28137.87,28053.93,3645.94,2412.78,18741.03,66846.51,30224.57,32396.78,5244.61,9388.64
1984,12335.75,56273.43,39892.03,49594.02,1889.39,3730.6,6212.42,12271.17,33286.34,59140.98,58692.16,20662.44,4247.86,6736.04,8541.45,6007.05,20744.55,21653.52,48512.41,38698.41,43405.44,15754.08,64274.93,21569.41,8017.09,39973.6,2089.52,39843.13,52186.22,46903.66,5922.78,35364.19,10791.09,35929.88,6792.13,2492.21,37763.09,13352.05,48400.23,44625.99,50067.6,11697.26,26120.11,35318.87,6471.47,17985.73,9034.86,51794.3,13642.24,2956.64,38761.26,2660.76,33191.24,1603.78,3196.52,21057.71,2188.25,13823.89,52481.64,55506.03,38996.83,8277.96,10531.65,8728.16,22989.88,10242.02,8790.51,45353.91,42017.17,6386.26,7673.36,48165.91,21316.77,29414.39,29958.04,3862.76,2280.4,18055.19,69151.64,30878.24,32744.55,5770.51,8607.64
1985,11948.95,55823.88,40700.89,46847.62,2053.38,3796.86,6285.32,12006.72,29491.41,58476.03,58922.72,19481.88,4584.99,7241.62,8692.83,5656.22,20192.58,21286.64,45857.52,38395.08,43136.83,15533.2,64769.43,21167.1,8354.67,39870.98,2041.91,40108.14,51374.8,47177.65,6015.62,35767.41,10560.78,34358.47,6579.24,2490.22,37948.11,13466.06,46067.45,45728.87,50033.56,10260.79,23558.22,36252.69,6374.76,18072.26,9613.12,50897.37,13833.57,3008.81,37336.42,3416.88,32413.54,1314.76,3406.62,19144.37,2327.56,14913.16,50319.5,54457.46,37200.41,8656.64,10291.79,8020.08,23462.43,10633.47,9272.71,41184.74,42608.16,6821.49,7922.5,46548.99,21557.65,30584.53,29403.66,4253.56,2147.16,17668.78,70169.94,28181.2,31703.48,6018.96,8991.62
1986,12912.54,54824.66,42579.58,49841.11,2156.79,3835.25,6187.91,13357.15,33742.09,57731.61,60943.75,19426.42,4635.38,7364.07,8123.08,5218.18,20718.84,22862.31,45776.27,40974.49,45297.0,15936.73,55067.58,19622.13,8470.88,41554.55,1975.26,42881.75,53880.25,47363.84,6039.37,37090.34,11128.02,38079.0,6137.54,2588.62,40418.85,12021.79,48535.22,48208.09,53008.48,10746.21,22540.89,39323.58,6656.22,20684.9,10052.71,57489.38,13414.04,3538.52,34047.37,3389.42,31921.72,1631.2,2995.24,17330.67,2305.99,4646.08,51390.34,50973.5,39423.06,8878.84,10897.82,8200.03,25764.79,10944.56,9203.98,43882.99,45364.52,5979.26,7750.72,42177.1,20997.55,31930.2,32926.04,2858.45,2112.35,19821.89,70793.91,25035.35,31032.1,5001.05,9043.49
1987,13472.42,57855.94,44164.74,52227.28,2067.86,3726.42,6253.24,13333.63,37019.41,60045.5,60750.6,20154.44,4750.76,7027.78,7723.3,4996.58,19885.56,21953.46,48045.08,42410.32,46078.23,17252.58,49227.47,18639.54,8172.69,42617.18,1993.07,44676.99,54899.45,48504.87,5923.87,36655.0,11112.47,43416.74,6169.2,2714.39,42896.67,12684.66,51300.53,50827.57,55541.77,11524.32,24842.74,41912.79,6521.72,22750.49,10331.95,57747.55,15521.04,3287.03,33531.78,3043.08,30500.64,1473.55,2769.87,17903.58,2259.68,3570.5,50853.87,51247.45,40945.23,8891.7,11757.72,8888.21,27206.54,11145.8,8922.47,47256.97,47059.06,5390.75,8093.27,39332.31,21931.63,34874.42,36821.99,2164.75,2203.62,20647.6,71418.39,24301.51,31491.04,4919.86,8610.3
1988,14070.49,59054.66,46888.44,55319.3,2141.15,3786.62,5710.63,12994.87,39032.8,60965.04,60488.26,20875.61,4835.81,6977.54,7312.46,5247.55,19797.24,21689.58,48505.32,44419.15,46277.29,17727.88,43067.13,17208.81,7934.99,44238.12,1846.6,47273.16,57081.35,48637.42,6336.25,38456.45,10744.61,44381.19,6195.12,2883.51,44499.34,10730.08,54787.74,50908.16,57379.46,11665.9,24630.22,45623.55,6713.52,25139.81,10358.84,62273.23,15207.23,3125.71,32667.85,2571.94,32494.14,1451.06,2506.43,18924.14,2206.81,3226.97,51955.26,49466.09,44205.29,9408.19,11071.13,9653.43,28771.64,11246.53,8867.46,47776.84,48301.53,5365.94,8444.47,36513.24,22364.6,34880.4,38884.42,2826.55,2277.01,20281.65,72726.11,23673.95,31023.61,5225.95,9735.52
1989,13425.48,58923.14,48811.37,56016.08,2114.55,4130.54,5707.3,13015.63,40606.01,61993.8,61657.67,21692.79,4590.51,7367.8,6827.67,5267.98,19296.24,22070.88,52103.55,46076.51,46689.17,16108.93,43177.62,16482.1,8391.01,45604.48,1749.71,48372.2,58428.42,48052.75,6190.93,40228.34,11033.12,47595.2,6774.94,3022.29,47264.59,11541.73,53192.7,49726.04,59354.77,11714.79,24710.67,48246.94,6513.3,26627.43,10554.96,67256.29,15326.2,2950.44,32732.13,2625.34,34989.85,1557.05,2580.82,20147.48,2090.42,3060.93,52763.08,52924.36,45881.05,9682.95,9021.07,10185.2,30086.18,10231.88,8336.59,47146.74,48937.36,4910.56,8787.74,34614.84,22871.23,33786.14,41607.24,2585.56,2277.34,19839.89,73811.36,22072.94,29973.31,4268.11,10439.18
1990,14666.55,58046.07,51045.72,57953.52,2055.1,4242.48,5731.69,12365.14,40487.09,62170.14,63159.95,21788.3,4403.27,6582.01,6369.48,4019.79,19426.26,22296.28,52503.66,49960.03,48138.33,14412.54,44236.83,16571.39,9449.94,46412.25,1700.47,49324.08,59780.92,48276.17,6348.2,40257.88,11396.4,52494.71,7450.93,3149.88,48866.55,13906.6,53415.32,53559.99,61023.86,12355.31,20513.98,51214.08,6601.99,29219.02,10746.5,68000.27,15735.47,2913.56,33716.18,2583.32,35311.04,1520.15,2403.95,21675.04,2109.47,3174.14,54494.65,59000.53,45976.31,9525.29,8869.76,11009.7,31295.47,10670.52,8196.05,53330.92,49301.12,4680.4,9567.75,35057.04,23974.9,35793.86,46098.71,2668.93,2280.99,19665.08,74219.52,22617.14,28814.03,4077.37,11325.87
1991,16737.24,59180.7,52927.91,58657.81,2148.42,4333.79,5868.69,13466.17,45333.8,61552.97,61458.87,23161.86,4539.31,6501.13,5914.03,3033.3,18240.0,22664.07,51137.94,53988.94,48767.16,14285.29,41777.99,15473.03,10507.65,47991.29,1517.89,49144.23,59875.95,48061.12,7121.34,43828.92,11861.97,54945.36,8055.26,3128.77,50014.58,15870.66,54420.31,55452.41,61717.0,11907.42,14952.18,53355.63,6511.81,32059.23,10849.41,72712.13,16139.38,2684.61,34105.0,2772.08,37228.01,1580.72,2541.89,23952.03,2041.82,2515.56,55217.73,59722.02,45648.96,9807.25,8674.15,10873.76,31628.0,10593.17,7699.09,49026.38,49814.75,3909.07,10113.46,31859.2,24249.43,33371.5,48353.7,2582.49,2257.63,20819.02,74797.64,23288.78,27557.23,4027.09,13099.52
1992,19400.49,61888.17,55070.92,60922.29,2115.78,4310.12,5973.78,13824.76,47956.2,62750.79,62621.81,24805.73,4899.63,6515.38,5722.93,3918.14,18805.17,24041.61,52458.03,56762.86,51129.39,15597.98,40509.7,14951.33,11408.62,49957.35,1337.58,50547.41,61335.56,49126.41,6775.85,43745.37,11860.32,60127.8,8360.6,3241.64,53465.49,16867.41,52312.92,57803.12,63340.64,12618.95,15809.88,54685.85,6157.71,33964.2,11821.81,71808.9,19167.35,2533.01,34275.02,2535.58,36632.12,1308.06,2276.7,24314.73,1948.25,2246.09,55268.16,61733.99,46544.3,9975.18,8867.55,10986.03,32312.25,11380.15,7655.59,47176.99,51690.38,3897.69,10744.39,29820.48,26354.27,34631.45,50735.97,2338.82,2281.64,23021.41,77377.82,23253.24,26476.33,3596.81,11734.24
1993,22426.67,63857.25,56611.18,61752.7,2153.4,4276.29,6239.9,14778.17,50082.33,63706.3,63954.92,25055.39,5451.31,6162.04,5823.24,2943.51,18979.84,24388.39,51961.8,58207.42,51548.78,16960.56,38226.66,14055.96,13034.42,52201.83,1460.31,53294.92,61782.4,50871.46,6300.33,44141.69,12142.88,63789.18,8836.05,3374.41,55862.61,20671.8,53209.13,57506.29,64997.99,13543.09,15279.3,56115.44,6266.91,36921.81,12260.61,75777.95,19883.75,2495.2,36842.34,2618.86,38875.23,1319.5,2481.81,25345.81,1877.45,1847.83,56914.45,61944.03,48860.87,9909.4,9175.73,11323.8,33729.14,12194.71,7402.81,44897.87,52590.09,3614.37,11720.05,27893.82,27213.27,40043.78,52578.83,2218.97,2337.0,23585.64,78788.42,21916.22,26553.37,3461.26,11688.5
1994,25156.35,64558.16,59239.68,63547.23,2027.46,4334.38,6401.4,16461.67,47665.49,65506.52,65963.8,27159.24,5627.63,5834.52,5471.35,2092.14,19303.56,24503.35,53915.67,60441.8,52793.42,17927.35,37677.09,14182.68,14440.11,54798.2,1314.49,56110.19,62665.38,51830.52,6501.16,45339.85,12257.11,65010.15,9180.95,3568.93,56801.08,21179.91,54497.41,57456.87,68254.23,13334.47,14796.98,57830.62,6825.09,40307.8,13075.75,77886.44,18840.95,2423.03,37288.15,2582.21,39645.59,1459.99,2795.86,26951.31,1852.09,1632.18,58134.6,63512.21,49790.2,9750.52,10196.78,12289.06,35971.42,13358.21,7335.29,40768.19,56566.86,3224.03,12778.58,27008.29,28786.57,34839.11,53879.81,2103.11,3059.98,24810.83,80492.18,20394.41,26985.24,3261.36,12499.69
1995,29488.17,65454.96,61811.78,65059.02,2186.63,4395.5,6974.71,18916.54,47790.29,67696.92,67044.19,30871.61,5927.5,6402.72,5891.85,2125.0,19247.01,24773.93,54920.28,62473.76,54315.44,18344.34,37450.24,13354.6,16613.98,56664.6,1423.77,62337.53,63366.77,56818.68,6627.56,46356.33,13009.52,66724.41,10297.96,3809.2,62448.41,21749.6,52626.13,59119.76,71707.79,12996.38,14043.29,60865.07,6167.35,44296.73,13219.43,76598.6,22220.62,2393.14,30360.12,3456.76,38272.27,1324.86,2609.52,29557.42,1922.77,1422.58,59640.34,67032.82,50207.62,10276.92,10893.21,13241.19,37644.17,14931.79,7362.32,40727.83,59666.04,3384.92,14293.44,26034.03,30323.97,36406.26,56636.61,2222.16,3003.34,24210.47,81579.51,20475.21,27772.17,3345.87,12001.69
1996,37396.75,68333.86,62865.78,64862.53,2395.14,4387.82,7575.09,23177.56,51537.36,68737.77,67925.09,31857.8,6299.01,6726.87,6105.84,1839.54,19127.62,24585.76,54186.57,63374.46,55858.66,18558.52,38155.63,13466.97,18983.47,57949.25,1395.08,61356.32,64316.99,59676.99,6560.24,47940.61,12916.47,67805.36,10491.01,4114.95,65055.55,26147.24,53761.18,61220.56,72760.72,13370.19,13299.72,63989.64,6091.39,48187.92,13521.95,76005.22,21220.26,2413.33,29898.74,4316.11,37604.39,1522.05,2484.77,29331.94,1814.69,1380.63,60864.92,73853.8,51296.44,10770.81,11099.22,13681.01,38029.31,16231.31,7736.79,46408.32,62049.98,3573.21,15941.11,24783.82,33912.45,39735.76,60307.24,2255.19,2932.63,26288.49,83627.57,19949.24,28504.7,3666.46,13219.39
1997,35868.26,71321.76,65538.06,67510.32,2580.9,4303.84,7491.0,22101.81,52770.42,70160.85,70870.73,31801.04,6302.98,6551.19,6212.9,1824.71,19110.12,23833.92,55439.59,65568.88,58014.05,19575.12,35761.21,13396.29,18281.53,60311.9,1484.0,64629.4,67380.16,62219.76,6967.67,52415.18,13234.58,67141.78,10521.85,4319.73,70181.24,26511.57,60412.46,63282.05,75617.38,13382.01,13862.27,63929.96,5920.05,46424.57,14049.79,80479.65,21534.51,2444.03,30383.12,4542.51,43250.66,1696.01,2664.09,30249.39,1759.19,1435.0,63161.3,75816.24,52974.22,10316.0,11610.25,13876.06,40181.73,15265.19,7744.07,46831.38,64978.28,4416.41,14172.86,24265.07,33186.68,42125.53,63402.81,2399.87,3008.78,26574.62,85528.1,19253.37,28687.72,3854.88,10869.44
1998,34400.97,72451.49,67457.33,66837.36,2717.92,4202.15,7553.89,21276.97,46854.32,69537.27,72008.79,30802.83,6346.79,6244.43,6341.63,1615.37,18664.79,24676.4,54018.39,66958.73,58901.11,20228.63,36063.8,13285.58,18033.94,61633.34,1342.17,68646.11,69797.29,63062.1,6770.38,53126.77,13594.67,63126.36,8464.29,4589.99,72365.89,25277.33,60774.41,64963.76,78352.92,13678.7,13723.47,63700.43,5699.0,43058.37,14151.33,83510.47,19575.94,2480.44,31838.95,4693.61,45221.83,1704.05,2240.99,25745.95,1870.5,1312.02,63727.3,70290.3,54199.84,10245.12,10906.12,12616.1,41254.64,15338.82,7745.72,50695.53,66507.67,4146.95,12328.41,22877.9,30916.85,40707.76,65527.5,2550.78,3207.95,28611.66,88033.62,16848.83,28439.61,3664.44,9181.55
1999,32079.68,74761.9,68969.57,69146.45,2835.77,4014.33,7422.9,19502.83,46705.09,72553.62,74086.81,29818.08,6755.49,6015.5,6427.56,1648.45,17880.93,24657.9,57127.99,68681.73,61188.82,20949.39,36920.8,12247.38,18410.83,61484.38,1351.5,70382.29,71359.04,64591.94,6929.12,54152.4,13882.23,64440.8,8477.42,4857.61,74593.3,27488.51,62955.39,66788.9,79688.98,14290.17,13998.37,64705.53,5520.41,46918.12,14228.77,89221.64,19334.09,2529.33,32341.25,4684.97,47161.74,1587.75,2292.77,26350.48,1811.85,2041.69,66873.55,77820.08,56638.17,10252.07,10609.34,11797.23,43292.63,15537.13,8227.59,53485.51,68994.32,4414.86,12720.41,26443.28,29149.14,38464.17,67771.81,2680.93,3296.86,27566.44,90635.98,17203.59,28270.43,3566.4,8233.63
2000,31821.72,75128.98,72187.0,72261.32,2905.63,4079.91,7315.78,19195.95,45548.26,75504.7,74586.68,30435.29,7206.55,5793.99,6488.06,1454.16,17299.47,25156.64,64937.92,68600.7,64377.79,20796.31,40156.39,12343.83,18841.27,62128.75,1292.45,71954.49,73792.23,67845.3,8140.24,56690.09,14096.74,70055.57,8116.83,4971.85,79801.89,30202.92,61412.0,70911.49,80054.8,14598.25,14739.64,66882.36,5274.43,48538.67,14025.81,94561.57,18776.96,2586.08,33861.15,4533.11,58423.87,1759.57,2253.11,29135.44,1674.67,3048.14,72303.13,95868.29,56181.19,10737.27,10412.54,12272.02,44955.43,16132.81,7996.56,69329.34,71985.29,5200.25,12734.15,31325.45,29202.91,42406.77,71116.18,2822.77,3390.9,26713.65,93186.77,20537.44,29264.39,4300.18,6496.14
2001,30587.57,76587.64,70040.31,71476.13,2972.14,4095.35,7515.12,18970.38,40846.65,74195.36,73176.92,29944.39,7734.79,5774.39,6462.63,1418.97,17142.97,24860.01,65084.89,69792.41,63735.36,23209.62,38246.29,12110.86,19320.89,61611.97,1471.09,71400.04,74833.4,68681.95,7351.72,58699.85,14387.29,73366.65,8245.33,5082.52,83257.8,33947.91,63843.83,71357.37,78148.32,14594.83,15659.17,66468.49,5336.52,48912.05,14300.3,84144.27,17596.81,2673.05,33736.91,4857.15,51207.44,1844.48,2061.66,28572.71,1761.37,3226.52,71981.67,96598.13,56424.61,10674.98,10330.34,11673.88,44102.89,17701.02,8110.74,63549.33,68700.6,6528.45,12989.4,28857.95,28893.06,41310.64,69515.38,3004.92,3499.09,25349.39,93899.83,18769.4,31319.38,4479.91,6342.07
2002,27724.28,76940.08,71594.5,73657.55,3092.21,4198.42,7699.31,18393.23,38589.15,72960.74,73305.34,29618.87,8341.25,5663.51,6439.89,1434.52,17185.14,24631.09,62016.69,70035.57,63481.49,22595.8,37831.55,14047.21,19927.99,62204.25,1277.32,70241.05,74984.82,68419.92,7166.82,59641.65,14712.94,77545.16,8317.5,5225.45,92060.91,37402.36,64605.45,71107.19,75577.77,13474.75,17424.67,67153.21,5068.82,51228.45,14701.0,79779.77,16875.41,2399.85,32558.21,4817.38,52349.3,2159.99,2469.04,29756.91,1800.82,3823.41,71571.75,92669.81,56429.34,10706.05,10732.63,11485.32,44109.37,20454.3,7921.87,70172.73,68907.04,7853.19,13759.51,29063.15,27976.21,40961.12,71479.09,3218.92,3576.68,24244.9,95491.4,17304.11,31409.34,4706.79,4418.0
2003,28615.21,78524.0,72869.91,76700.37,3201.58,4219.47,7917.18,18033.9,37188.08,75032.53,74972.5,29770.15,8780.86,6283.25,6595.0,1514.28,17008.4,24661.56,55786.81,72305.76,65323.88,21083.79,42770.27,14627.36,21195.02,61337.36,1329.78,71468.48,73278.81,69245.8,7408.06,59165.52,14794.5,80609.19,8342.24,5565.46,98652.34,39988.35,64675.48,67769.75,74725.66,14357.77,17413.72,68307.73,4857.2,53253.79,15763.65,76467.88,16002.92,2556.88,32380.88,5305.31,55413.44,2281.53,2554.7,30817.44,1813.21,5254.31,72016.07,101090.23,57007.28,10824.56,11143.85,11551.52,44323.18,21532.66,8094.78,65879.35,71392.8,10234.01,14660.85,36803.94,27234.28,40281.64,72773.56,3339.74,3622.11,24237.4,97807.24,16737.51,32780.54,5209.06,3473.94
2004,29189.63,80023.08,75319.4,77848.29,3326.63,4279.55,7935.15,18090.81,37749.94,77070.84,77583.44,32367.57,9514.86,5955.81,6522.14,1616.42,17786.68,25541.62,55070.95,74003.9,69126.23,21163.33,38679.57,14975.27,21150.22,61370.49,1531.49,74357.93,74771.3,70235.68,7708.7,60462.3,14832.36,90564.2,9036.21,5815.03,101051.28,43571.22,68372.1,66603.59,74739.1,14643.05,19134.54,69636.17,4891.58,55380.63,16168.67,69595.56,15238.58,2572.57,33348.83,4832.32,52314.58,2301.76,2844.62,33567.66,1697.55,7147.76,74151.81,107219.77,55480.96,11185.78,11757.95,11537.72,44567.28,24497.49,8069.74,76525.95,75342.22,14631.11,15420.03,38482.88,28664.62,43929.68,74749.82,3402.66,3672.55,24061.45,100457.88,20572.72,34294.99,5405.6,3092.68
2005,30268.4,82895.49,81715.23,85479.28,3575.7,4414.33,8431.14,18221.74,37334.52,81621.6,83484.94,34984.61,10619.23,5911.49,6550.08,1699.91,18544.44,25753.72,62105.22,77842.55,74367.28,23311.6,42873.16,17010.34,21805.15,65337.89,1772.93,78208.04,80681.43,74393.8,7602.93,61205.13,14497.12,94258.21,9839.84,6599.12,106297.8,47615.44,72582.1,65158.98,77375.51,15316.9,23598.98,70713.42,5112.29,58445.07,16437.47,85709.06,15293.77,2605.82,35350.7,4875.46,58579.67,2436.16,2959.45,38100.09,1700.24,10610.45,83499.8,131417.07,56047.54,12177.04,12694.36,11755.25,49255.66,26150.41,8472.89,101362.97,78171.13,20984.76,16756.72,45736.17,29643.05,47633.12,78771.53,3681.31,3877.13,24652.27,102417.27,25662.53,35358.67,5982.42,2496.56
2006,31201.6,82577.61,81989.18,82183.66,3613.94,4784.59,8662.27,19345.83,34002.28,80814.13,86875.09,40170.77,11488.94,6127.86,6525.32,1773.76,20562.51,25509.85,63293.95,78863.93,75582.38,25060.5,42959.38,17819.97,23193.96,68601.9,1758.43,78439.76,81874.17,74767.97,7491.05,64781.76,14379.83,85176.99,10705.78,7450.08,105253.55,50966.0,67657.96,63959.25,78577.54,15379.27,25372.78,71122.94,5536.42,59768.64,17462.96,82133.7,15119.1,2665.45,35340.65,5162.13,56771.58,2462.08,2977.24,37970.24,1742.91,11021.23,83630.97,138587.26,55523.41,12300.23,13899.95,12246.0,51299.86,29819.93,8374.27,105140.92,80252.43,19662.43,17663.91,53584.66,30050.5,53533.7,78347.56,3870.87,4014.19,24937.67,103544.77,29096.08,35843.45,6682.19,2095.3
2007,33232.54,82297.88,83160.65,83088.69,3583.76,5158.23,8933.3,21193.85,38317.43,80741.23,93589.44,42426.08,12315.14,6409.24,6606.96,1812.98,22398.66,25611.49,63930.69,82081.51,75900.53,26700.95,46057.54,18942.9,23085.75,71209.24,2038.29,83456.8,84474.11,73944.63,8648.01,63871.43,15212.0,87862.1,11392.84,8393.19,111022.63,56477.06,68834.94,62100.47,81325.39,15775.87,27661.6,71864.6,5743.02,62618.98,19353.18,84090.85,16586.48,2700.2,35761.84,4958.83,58370.73,2506.47,3358.31,40930.16,1715.62,13717.07,86610.87,135271.11,58297.99,13055.8,15077.93,12875.59,52371.4,33460.92,8611.52,105363.24,83710.77,20963.99,18514.43,58147.35,31231.35,57434.14,79350.03,4168.98,4148.18,26222.99,104651.97,32223.5,38411.6,8613.98,2167.04
2008,34826.94,84698.94,84680.92,89108.63,3637.42,5612.2,9722.01,23301.12,36718.16,82853.42,98570.71,40079.41,13045.07,6708.1,6790.72,1723.15,23970.88,26770.56,66014.96,83001.25,79805.96,26600.32,46434.99,20747.38,26643.22,72643.14,2156.78,84805.7,84780.25,75392.17,9172.04,64890.2,15689.18,84628.71,13246.27,8938.22,106709.54,59142.62,87169.96,59853.94,83281.19,15741.87,34796.45,70583.62,5812.85,62509.84,19296.99,79333.13,17347.15,2948.02,35852.39,5017.8,57032.57,2579.4,3544.73,45461.87,1777.3,13817.2,88775.7,149262.63,58321.84,13438.0,16228.5,13567.34,51986.28,38853.85,8504.33,86583.81,84995.35,22714.37,19403.71,66397.98,32224.46,60201.41,75517.69,4306.18,4336.74,28693.24,104608.23,36928.78,38027.95,8868.83,1639.26
2009,32318.68,83688.52,81280.0,86361.51,3591.25,5939.37,9982.74,23977.51,32853.57,75810.78,96409.8,41205.23,14176.9,7174.24,6623.69,1704.93,23116.9,28892.64,66628.68,77426.66,79121.71,28809.54,41028.24,20168.18,26672.63,75105.04,2199.23,79742.65,83100.25,70927.86,8492.35,63288.3,15875.29,76248.21,14289.05,9587.37,110130.34,58548.2,80496.08,61507.67,81607.49,16441.51,37341.18,67989.93,6110.84,61289.81,21651.65,73153.62,17124.53,2817.96,34806.25,5589.84,57015.24,2534.9,2717.09,41824.73,1792.29,14640.47,82213.1,126732.19,59810.03,13737.5,16005.94,13744.15,52511.5,39015.12,8777.91,80448.14,80784.42,21588.96,18853.96,49990.32,33048.62,58398.63,73703.37,4275.9,4647.05,29797.07,105344.18,31348.68,37762.06,9637.36,2787.65
2010,35438.21,89355.51,83114.79,92900.75,3828.17,6625.64,10607.19,27346.44,31479.44,79508.42,99066.36,44609.37,16364.15,7614.05,6743.74,1825.6,24332.01,29795.89,67391.64,80872.92,86391.74,30096.17,46306.59,21977.93,29999.41,75900.86,2501.74,82905.57,86350.49,75073.74,8967.72,60613.27,16546.68,83120.37,16361.55,11049.08,115642.85,63191.83,73902.4,62236.58,83156.34,17363.58,37135.79,71258.3,6634.12,65693.19,23742.8,81848.99,18164.4,2975.0,34691.82,5403.83,58480.47,2532.64,2532.75,41671.89,2007.33,15956.3,83293.04,138265.04,61680.46,14306.05,17797.11,14751.73,55633.44,40233.32,8894.36,98805.99,84285.1,23687.54,21230.44,58069.57,34088.78,63284.87,78985.47,4589.74,4895.42,33689.85,108673.72,37830.23,39799.1,10534.1,2932.34
2011,37556.84,92540.64,85047.11,93343.8,3947.31,7547.36,11679.34,30056.83,27331.72,82715.07,105678.11,47200.69,17994.72,7440.86,7005.84,1904.58,26173.69,32356.35,67648.46,84049.94,89129.75,29570.45,50131.22,23890.9,34108.75,77162.25,2676.62,83841.53,88557.44,75754.72,9246.57,58821.26,17286.48,87579.63,19552.82,11941.54,118002.25,67350.68,73307.3,63065.82,85459.63,17690.19,41734.34,70319.11,7073.6,65850.77,27240.0,76118.46,19417.07,3047.79,37397.37,5138.22,57661.13,2440.87,2767.47,45517.98,1869.04,16277.35,84384.86,151420.84,63143.11,14949.64,19297.63,15638.15,54838.28,42069.53,8796.1,102521.95,87053.46,24177.69,22162.93,62420.36,35222.43,67456.17,80592.84,5055.69,5154.68,34905.06,109447.17,40806.52,40020.92,11326.04,3304.14
2012,37006.31,92380.14,87242.96,94958.83,4343.49,7192.39,12726.91,29959.62,25903.03,83442.72,107332.55,50386.0,18693.12,8127.73,7231.98,2103.59,26526.26,30636.67,70693.25,82643.41,88208.69,29687.62,49265.65,24182.78,33846.68,80023.27,2782.8,82604.1,87985.86,76480.02,9707.33,59645.31,15585.97,87907.1,20297.24,12654.57,120431.97,59580.65,73989.12,64027.6,85064.17,17658.44,42129.41,71372.42,7291.69,64716.19,29874.18,81589.73,20222.51,2995.32,37227.85,5382.78,57445.49,2552.35,2597.85,46546.9,1969.7,17151.73,86242.54,156805.66,63475.27,15014.2,20150.57,16114.03,56478.83,46737.79,8730.54,100030.4,87223.79,20797.77,23836.2,62846.92,36029.54,69243.25,79535.36,4936.38,5034.0,38189.46,110283.91,41269.59,39313.99,11778.58,3472.16
2013,36953.27,94024.06,86016.34,94417.88,4490.34,7499.32,13291.96,30107.25,23443.78,85080.29,107746.94,49250.98,19638.52,8628.64,7413.8,2268.37,27005.06,30421.82,70073.57,83775.03,87703.31,30589.24,46743.01,25081.46,34856.98,80819.1,3048.95,80132.89,89561.42,79305.81,9976.23,62000.64,16758.89,99035.04,20842.93,13045.0,118592.23,59231.46,72259.77,66354.95,86007.95,18001.32,40546.86,72162.11,7366.45,64681.07,30700.39,78379.14,20771.91,2976.67,38658.17,5425.24,55178.32,3008.48,2723.21,46714.91,1986.52,17129.92,92504.95,153103.22,65955.66,15127.86,20711.1,17194.23,58461.98,47406.04,8933.58,97027.72,85204.95,18871.32,24632.79,71918.14,35652.42,71802.98,80604.03,4959.16,4968.57,38658.19,111519.73,37552.71,38607.71,11993.49,3579.68
2014,35857.0,94879.55,88924.91,93358.04,4592.14,7792.91,12633.98,29223.43,23634.12,88812.88,109032.38,50977.22,20795.4,9119.05,7509.68,2311.27,27335.36,32015.01,67956.01,86195.09,86936.35,31231.44,48905.38,25087.22,35434.67,81333.97,3401.53,80370.06,89736.43,78378.54,10547.83,61139.27,16733.7,86534.89,21358.87,13699.87,125932.48,59224.54,71608.51,69494.36,86660.62,17920.72,39481.03,72531.53,7421.44,65717.84,32399.39,91111.89,20726.55,3032.15,40636.79,5338.99,53643.59,3520.84,2665.5,46854.17,2086.73,17157.71,88518.32,141548.17,67808.84,15826.25,21009.95,17794.32,58397.77,48000.59,9105.51,103902.39,83985.69,20945.5,24988.83,76745.67,35977.26,74450.89,84228.35,5275.45,4935.47,39555.69,112611.02,30091.38,38601.3,12142.99,3570.34
2015,36028.65,90036.65,90530.85,90170.23,4684.54,8165.63,12797.45,27902.28,22423.94,83239.27,108239.1,50113.89,21189.91,9704.85,7558.2,2297.13,26475.45,33603.1,73530.15,85636.2,86074.12,33056.16,44897.65,22389.7,36397.88,83475.43,3557.25,82477.11,91863.95,79811.82,9981.67,61328.08,16910.3,75667.94,21486.3,14359.59,159256.37,53737.6,72408.14,71605.66,87263.5,17713.65,39220.5,74278.97,7542.17,67684.32,34153.72,98057.26,21789.06,2989.59,39361.39,5503.59,62752.92,3553.92,2921.74,45630.12,2146.85,15022.54,86682.88,118281.55,67754.31,16111.83,21083.53,18373.47,59507.55,51542.07,9278.6,102109.04,85843.95,21925.28,25605.81,86410.3,35912.45,79086.39,84261.78,5643.68,5137.07,39135.93,113967.15,16641.19,37610.15,12329.97,3417.17
2016,35832.09,93860.31,90755.22,89976.29,4789.96,8381.47,12945.37,27663.35,20684.74,82976.5,107602.86,50870.07,21904.02,10387.45,7693.15,2131.15,26758.81,36135.83,74099.05,87828.88,86739.78,34233.36,45115.86,20887.7,36617.71,84406.98,3556.03,84001.86,92605.7,78958.52,9741.37,60411.22,16840.09,75700.44,22026.73,15070.27,166994.65,55344.39,71825.75,72623.73,90211.08,17199.12,38704.06,74796.84,7604.23,69004.01,35160.01,101429.13,22069.06,2997.42,39632.41,5804.19,62860.92,3847.36,2643.5,46675.91,2086.01,13013.37,85316.19,112973.71,68973.54,16404.05,21473.7,19177.56,54230.91,56112.55,9313.3,102393.63,85027.29,23970.28,26383.69,82451.16,36721.34,78567.36,85013.69,5366.57,4848.11,39887.41,113950.92,16930.35,37301.96,12071.54,3328.33
2017,36790.31,94523.91,92648.31,92114.95,4996.06,8871.35,13282.75,27933.55,20410.11,84031.86,110095.52,50527.9,23220.95,10818.85,7765.6,2073.19,27218.67,36667.61,75242.59,90318.12,90611.94,35246.06,45653.51,20724.23,37607.7,86291.39,3485.87,87213.6,95065.89,80972.62,10083.47,60872.81,16802.45,77264.25,22811.19,15989.62,173048.0,57421.23,71809.08,73185.36,91795.59,17024.65,38429.97,75363.55,7673.76,70284.05,36258.46,103826.97,22709.51,3110.62,39951.48,5996.95,67061.16,3689.27,2667.66,48525.88,2083.66,12553.77,87848.83,114577.15,67979.08,17163.87,21619.54,20709.85,51795.44,60235.86,9634.83,107962.23,87055.8,24732.99,28079.05,79105.9,37733.05,81451.04,86525.86,5467.86,4851.85,40413.28,115119.72,17671.93,36834.24,12501.68,3370.0
