,gdp,gdp_trend,consumption,consumption_trend,investment,investment_trend,hours,hours_trend,capital,capital_trend,tfp,tfp_trend
1948-01-01,20.313927040596,19.87257084072881,13.023625839199005,12.92133325225179,3.608228974607748,3.4311412878506165,111.5127622439394,108.51826685924236,83.7977969768547,83.05518620452585,7.146137847633109,7.137871441317656
1948-04-01,20.60415904397287,20.087337576802312,13.163917364301339,13.013821880746322,3.805049582808698,3.456219152894511,111.2245403581159,108.67554833616256,82.89296436904375,82.30530338075357,7.288080994064424,7.231140992465875
1948-07-01,20.654626273344515,20.30470409859589,13.099600221613702,13.107037122748759,3.8850784157758715,3.481589812764022,111.64516111478453,108.83490934374584,81.97048202137891,81.56264481049305,7.3166312300300325,7.325634582916352
1948-10-01,20.644279800970388,20.52531220254947,13.101429618523857,13.201144779513635,3.779892923189738,3.507578118005317,110.42859957526225,108.99979212064802,81.21898324204125,80.82794616940355,7.389013536139644,7.421410094874337
1949-01-01,20.327437311240672,20.750052235636957,13.069369849487696,13.296310583416723,3.1884263240432915,3.534760904583003,108.38436465919526,109.17539980905285,80.45877812943897,80.1021645055157,7.388793000389052,7.518522029189993
1949-04-01,20.20891512942158,20.97992817564482,13.28979833936401,13.392641431978573,2.699055073338103,3.5638998682876277,106.31833826291397,109.36786146371651,79.50043163448939,79.3864598675557,7.469443510108855,7.617006232448327
1949-07-01,20.35988180062833,21.215714327810662,13.265866866903835,13.49010199180675,2.9506977757734822,3.595551653496673,104.90230023405273,109.58285715200621,78.41452689337528,78.68216697726966,7.627743758956716,7.716815756835944
1949-10-01,20.13148351412398,21.457716142550666,13.40841738606027,13.588590216496696,2.7871809697746244,3.6296649776604735,104.17315808502762,109.82418164086049,77.4078245926392,77.99064067977844,7.610788838936866,7.817804849509194
1950-01-01,20.861761376239766,21.705692551255037,13.588507523971177,13.68785746223675,3.4728249411662397,3.6657365658224887,104.68214200946552,110.09267563697304,76.37947022447281,77.31302111659245,7.898813194172796,7.919761966184362
1950-04-01,21.439225658903645,21.95851340757202,13.79204701527691,13.787532591179579,3.8606893273012908,3.702633340545347,106.98552478170538,110.38556161241353,75.55898918924983,76.65004718148559,8.033736207115794,8.022329462080407
1950-07-01,22.21951765277344,22.214442433608383,14.457507754165425,13.887170308506805,4.228337010109548,3.739050042765677,110.1235984658997,110.69656148447429,74.89584447097285,76.00185330352654,8.196379387299434,8.125117547988866
1950-10-01,22.70099076526363,22.471323689161867,14.044821197458546,13.986315386047773,4.856079979263337,3.773728729288714,111.42168369094743,111.01716504658306,74.68884034084473,75.36789213829222,8.318497296821155,8.227724182055956
1951-01-01,23.074297672979995,22.72690381052181,14.366977956164062,14.084854274662586,4.435072298560696,3.8056601665758714,113.61420056147584,111.33840560425702,74.66026143382655,74.74694784465612,8.349987920830841,8.32977359629546
1951-04-01,23.514620938305786,22.97897516829441,14.005444634654497,14.182707833014412,4.60485832975634,3.834412218170848,114.73296430436153,111.65146671634211,74.45278408145728,74.13742316378261,8.463542852623515,8.43093107169892
1951-07-01,23.9911744758838,23.22545886181692,14.175197233760947,14.27997239311845,4.231816910766691,3.859918643344978,113.56104703538112,111.94885000489315,74.13420219899378,73.53771729818608,8.705942109691728,8.530861143708506
1951-10-01,23.997004298976492,23.46453604721171,14.255586082297157,14.376634569591532,3.8459562168431916,3.8825659682675258,113.39314828803711,112.22489280671063,73.61043714521742,72.94647243958278,8.738093675209468,8.629236528512116
1952-01-01,24.22737633061283,23.694809525358725,14.339614556595754,14.47261459556208,3.914139961233908,3.9029827401936683,113.99571664943309,112.47489353414619,73.06263023877503,72.36273762824959,8.814655981955427,8.725829571555247
1952-04-01,24.24656316177207,23.915182828745102,14.579502821546063,14.567754198890386,3.5597175686966924,3.9217932485029254,113.36420084888512,112.69485587750398,72.52474178522067,71.78599692994382,8.876475332937114,8.820475989080196
1952-07-01,24.34286206592965,24.12487692013144,14.535039053908072,14.661807032588055,3.788128309176463,3.9396441116164933,113.81783707708593,112.8817234312312,71.77813746553231,71.21617758148028,8.920876860430797,8.913065527843866
1952-10-01,25.056755348471917,24.32331950600222,14.980282895987,14.754528665220652,3.9963870613324657,3.9569556729196553,116.47305813631412,113.03286663133336,71.08962619301785,70.65365969736436,9.076449074778536,9.003523761874316
1953-01-01,25.291222053180075,24.510082980689333,15.07252013798726,14.845588958751211,4.01962118012589,3.9740588467297933,116.61352302168795,113.146259175548,70.06738219038594,70.09915429642638,9.200731168630481,9.091783042713358
1953-04-01,25.431817094460264,24.68521091509152,15.123449224696074,14.934792676951044,4.032422083585151,3.991315207986862,116.56622673327797,113.2220253896543,69.56137471977594,69.55361608788296,9.277824245623341,9.177824085270816
1953-07-01,25.23177645565402,24.849260413964995,15.072201868969973,15.02208387601338,3.9627533394681733,4.009121227537395,115.1535132429176,113.2624646004901,69.06827904541693,69.01794918002001,9.301222112508242,9.261700421726442
1953-10-01,24.76586381522886,25.00329158312758,14.957691130646499,15.107525465477059,3.6218720338741566,4.02790634655905,112.9496598702955,113.27197486296252,68.48669272437228,68.49303338933763,9.272268391658711,9.34353513020486
1954-01-01,24.562253291082406,25.148649714608933,14.988937472683421,15.191214975759284,3.551454064849002,4.048079016315885,111.04083582781811,113.25615572745724,67.82808316169134,67.97975176186262,9.329985746188044,9.423484590002474
1954-04-01,24.52146664673963,25.286575121130497,15.107412166806924,15.27315837360617,3.521411174463615,4.06978648912504,109.89608105841111,113.2204217458977,67.21307160156003,67.47895636623777,9.407388571943184,9.501668434570599
1954-07-01,24.7377896643171,25.41797132527639,15.20364676289372,15.353234446491543,3.7310156479719576,4.0928455610380565,109.19890504851591,113.16879608739308,66.62557051133336,66.99138053509161,9.559046259852234,9.578153502984128
1954-10-01,25.14196754566943,25.543278317717046,15.41555197123777,15.4312155499088,3.9083408499661103,4.116697457917296,110.21300424486074,113.10319591092728,66.0571682282653,66.5175727317154,9.686030140424212,9.652951238837632
1955-01-01,25.77902740866737,25.66251642810796,15.689226680233661,15.506776019979359,4.287549031358296,4.1405311723432705,111.64139828320059,113.02301713465712,65.54538865148244,66.05784088233537,9.875526050197545,9.726063730981172
1955-04-01,26.10162830043213,25.775457403388693,15.88059792304885,15.579575697121891,4.50090422056169,4.163381737589299,112.68319444718516,112.92583594248556,65.10518401518058,65.61220113702616,9.9623911167548,9.797516385982393
1955-07-01,26.37058438479767,25.881948401690586,15.976717060491925,15.649384566923374,4.58165006127193,4.1843547608275005,113.4943679790406,112.808376767385,64.7605452293255,65.18035387514182,10.036855294393446,9.867431588014549
1955-10-01,26.454525131160345,25.982044505766996,16.016992020410218,15.716158882365294,4.774248559562267,4.202744966928524,114.54798643370574,112.66723622512235,64.47232306553548,64.76169544754381,10.024145098104931,9.936040811390935
1956-01-01,26.28237019349499,26.0761125536364,15.907388631664306,15.780060802593791,4.679948045601867,4.218078445535835,114.93356662760095,112.49946813493706,64.24187574771017,64.35537981080631,9.949644493728373,10.003690024731634
1956-04-01,26.426474533139896,26.164824895194965,15.928644771736353,15.841445153452193,4.563500972046445,4.23021806484313,114.87185013756864,112.30332393278732,63.98941530864699,63.96040485534099,10.021492682109292,10.070791362731704
1956-07-01,26.325042380837957,26.24899679111008,15.87439888155235,15.90075403500013,4.566540759946552,4.239307910136942,114.07449419715033,112.07858810308458,63.7017483802422,63.575724269184505,10.044155588565559,10.137734428427118
1956-10-01,26.682186311817357,26.32962111721844,16.076946858449357,15.958492308217062,4.470277227540866,4.245701620496957,114.3762852173332,111.82665020157248,63.4263442862778,63.200335763161426,10.178376628400546,10.204888266476566
1957-01-01,26.783154334212266,26.407752968561216,16.071124064968338,16.01515647923733,4.4314475957623705,4.249958233312854,114.18647324825284,111.55013985803254,63.1495795409101,62.83333907780143,10.243595423851984,10.272572308117288
1957-04-01,26.646450006975122,26.484681464345332,16.042119754636225,16.07132492421168,4.397955575855964,4.252779949843297,113.61276863417038,111.25324733419157,62.84961294973339,62.47399456460186,10.241785754642184,10.341097656193734
1957-07-01,26.815654490490253,26.561945653119402,16.14844988243563,16.127619548250667,4.437062736701508,4.254984106037881,112.67532695272786,110.94175257027219,62.51493073908672,62.12177455345546,10.381861579817599,10.410765283318709
1957-10-01,26.436304912333863,26.64120408279308,16.165169363827452,16.184652646311747,3.955168811484466,4.2574797203318475,109.90897416980854,110.62283097477375,62.17096904191182,61.776394763805584,10.42181629417158,10.481820992390528
1958-01-01,25.665983604841887,26.72429410096613,15.913634459597905,16.24305831283216,3.6631969156673203,4.261289670236931,107.07692436805922,110.30464848377048,61.75095002832459,61.43781952182131,10.315735411801333,10.55449891072145
1958-04-01,25.76685505692489,26.812947570096124,15.98596699616018,16.303467659284056,3.5521156161490954,4.267244881297987,105.23608707373464,109.99483302726341,61.30880361865867,61.106257185949445,10.500047286637882,10.62900151732285
1958-07-01,26.290756340760296,26.90824213084612,16.120155109630737,16.366311975360137,3.8961474346100893,4.27577929460222,106.21339672053128,109.69889162306565,60.83910087845871,60.78210496819758,10.678062181521545,10.705383952464393
1958-10-01,26.802362601083836,27.01060256857645,16.19355123529326,16.431827855474904,4.292251724933807,4.286842979403696,107.39080803999612,109.41925065260035,60.40111118529232,60.465877143942706,10.835491512460047,10.78362069832307
1959-01-01,27.2141861508896,27.120070942498174,16.501876609657746,16.50010019743502,4.434963661601091,4.300140002672534,109.06400831460414,109.15611428728698,60.07592788240228,60.158113246334835,10.912571931109685,10.863668116431581
1959-04-01,27.726130203044374,27.236562602144513,16.73717114359148,16.57106488114924,4.741557483987099,4.315377768922436,110.72655931065019,108.90841722025479,59.79792772959116,59.85930279663547,11.026947902043462,10.94551402444142
1959-07-01,27.646825052366456,27.360054792854722,16.888483345688527,16.644658596574544,4.402458612829168,4.332345779357361,110.01086432528706,108.67505227086538,59.6102080186915,59.569876136900895,11.054008667590638,11.029176726972695
1959-10-01,27.63876650031877,27.490834311297657,16.880353111040318,16.720921846624492,4.524057193858457,4.351088304161229,109.68108527340279,108.45604909014193,59.365762085898126,59.29021911084261,11.088308345867619,11.114726453434013
1960-01-01,28.06733403959037,27.629377438004653,16.880496024120372,16.800049249350387,4.990019531636568,4.371696055487168,109.62283135133097,108.25226858443975,58.94363926956171,59.02073752787002,11.292301286939876,11.20225123057264
1960-04-01,27.83866158251342,27.776267530125295,17.09216028499227,16.882339988598357,4.4811045856261345,4.3943704374114985,109.49293200474153,108.06532929663109,58.881748293040815,58.76187927737706,11.213057178156744,11.291824934566861
1960-07-01,27.884537182542648,27.932379746284198,16.97417870156589,16.968150691665908,4.414525311794791,4.41968465724628,108.52605575491594,107.8976937718661,58.672158692288626,58.514039799120226,11.310582944473488,11.383580626376737
1960-10-01,27.430692962384345,28.098654078972203,16.961422936572152,17.05797807848698,3.8573293252306136,4.448282861495713,107.14058297983269,107.75270204627827,58.43194498110909,58.27768583194005,11.235927809769231,11.477605351368084
1961-01-01,27.515598915079785,28.2760294963284,16.888466342529032,17.15233472946454,3.956965846570431,4.480827875177764,106.14992202367566,107.63407924786469,58.05093871258828,58.053378845039255,11.364957779073253,11.573942351223442
1961-04-01,27.89188839470731,28.46504872090047,17.042797568199457,17.251685353557374,4.22275594074655,4.517607029280057,105.56304329354391,107.54516837493091,57.727772624831566,57.841772331534855,11.584582494613347,11.672480883563955
1961-07-01,28.34041700419269,28.66578923988016,17.090799546702435,17.356339691626225,4.5389978803837945,4.558571650745646,105.85724415491885,107.48839110771054,57.4869347661762,57.64351475170437,11.766804502530137,11.772972067604742
1961-10-01,28.850034533819407,28.87797193843774,17.37092950676447,17.466484738816536,4.617649237808333,4.603485378364159,107.03881954579366,107.46494176308013,57.415345628762864,57.45918183938022,11.89746882430726,11.875101935608406
1962-01-01,29.31812570306354,29.101109074004953,17.512606623444963,17.582145631421508,4.840543658475915,4.65209669157548,107.26155572634288,107.47501665826465,57.36503242029456,57.28925259151384,12.0778850584597,11.97854122113371
1962-04-01,29.475814619816767,29.334685894737166,17.697193355769503,17.703290144578173,4.7479173181426,4.704157427996505,108.14057806636998,107.51857644473364,57.251050182717194,57.134182053901704,12.08700896963336,12.082962929850735
1962-07-01,29.70184068338555,29.57831285677841,17.76827746832227,17.82984340956558,4.787197745717554,4.759529883957977,107.42191985643758,107.59547933066169,57.066142730784875,56.99447732549351,12.246454574038127,12.188091202597521
1962-10-01,29.63243263266465,29.83168020782118,17.9367493915413,17.961726633187407,4.596153495555786,4.818100165651534,106.14513057925647,107.70600244529793,56.83597071401494,56.87072406791121,12.33059383194254,12.293642917832464
1963-01-01,29.80899995195438,30.094548306061768,17.94676602616386,18.098821321570433,4.78005989687549,4.8797680562875225,106.26469568162094,107.85034633371977,56.60455869084335,56.76355946876814,12.412705336573818,12.399362096226065
1963-04-01,30.01373788403224,30.366543464628712,18.035017902142894,18.240990907274938,4.844599867744568,4.944283398059165,106.47776586431034,108.02775824032382,56.45709703767191,56.673607567934106,12.493098816306777,12.505007533503584
1963-07-01,30.54710479764223,30.64709667205988,18.267950211938555,18.387998630969484,4.958683341129639,5.011318217980646,106.32791256453712,108.23650857282846,56.34109941119077,56.6014038536202,12.735920548739461,12.610338607272471
1963-10-01,30.619061204238786,30.935391884541172,18.263098647963773,18.53946917383153,5.018865016899387,5.080461400354972,106.7070425451635,108.4739017426285,56.24986136868974,56.54736168458192,12.743647248107163,12.71509955299845
1964-01-01,31.132363687895012,31.230517658809344,18.57195048053479,18.694938517333437,5.13467271313351,5.1512439136360095,108.30440964686308,108.73603223171986,56.17659791306078,56.5117469520401,12.838597599716664,12.819106269289783
1964-04-01,31.345984068768498,31.53132368362203,18.82290608370092,18.85374987506302,5.104505944403582,5.223129326254163,108.33958465324936,109.01785501711252,56.14587464009944,56.4946563022493,12.926438575536308,12.922187731897361
1964-07-01,31.698189051634373,31.836550738332082,19.074034662117292,19.015145101440144,5.1590156092351815,5.295539343965149,108.56805522931361,109.31401215734635,56.09065476386451,56.49599432097752,13.058290304140963,13.024180942010892
1964-10-01,31.657380912759873,32.14477042335067,19.021468017499195,19.17831967262498,5.2201249168211135,5.3677859173941185,109.14700853950553,109.61866579260489,56.045378896877374,56.51546492914561,13.000146269617208,13.124921770329317
1965-01-01,32.28731152424151,32.45440908305019,19.329069675522568,19.342478087649184,5.692056137450467,5.43905518376226,110.38449982911477,109.9254446801292,56.02844717574487,56.55253478574463,13.163412839044828,13.224264098829495
1965-04-01,32.56308109566769,32.76351887278474,19.472177629927693,19.50669703578408,5.665921080055454,5.508396406983556,111.02713018144516,110.22760938414275,56.13674982824435,56.60639038599781,13.216909258813931,13.321979465844919
1965-07-01,33.17835881623984,33.0699719150763,19.739211359740708,19.670013396464025,5.810882991669638,5.57497395862941,110.92688557552756,110.51863470621807,56.277014956135666,56.675900659494225,13.462787242046097,13.417795780663434
1965-10-01,33.82856692634292,33.37143607261693,20.149082076666,19.831410742320482,5.862016517997788,5.638019602592955,111.60594636545251,110.79243006564616,56.44906857158166,56.759646866288335,13.65767720859925,13.511368337404372
1966-01-01,34.55998377146057,33.665569751137376,20.418748640097558,19.989885170747414,6.262833635165287,5.696889521393018,112.912328609665,111.0431080093045,56.667158967619066,56.85596207728233,13.829151163681244,13.602373729252328
1966-04-01,34.58046348746466,33.9502484212574,20.41322200666208,20.144604131490937,6.164531946610749,5.751067455908102,113.70285757913261,111.2652502437006,56.973957769738035,56.96298146402058,13.748729306914512,13.690574872729993
1966-07-01,34.77369890457325,34.22385193627968,20.54637463879747,20.294983266839452,6.075102717225727,5.800377422226164,113.91081272939046,111.45457886891671,57.24648202261125,57.078713876131594,13.786101604537173,13.775874108227262
1966-10-01,34.95517320210047,34.485123541069896,20.55693155593213,20.440595766646883,6.118294192732484,5.844908229629815,113.27141075641495,111.60832656212239,57.48293631257256,57.20116311063491,13.888793189022365,13.85821140165307
1967-01-01,35.14796422326706,34.73313608787841,20.58144240017142,20.58116739068283,5.946096069143648,5.884937791978696,112.76529846501471,111.72526631818889,57.706006783398394,57.3284235042478,13.987131062549645,13.937535085102683
1967-04-01,35.03761538105913,34.96725546635187,20.777763234973225,20.716496680430602,5.674432735188722,5.920934886741056,111.65528171818828,111.8052359045256,57.85642974817014,57.458750167294774,14.020381405383455,14.013814909038079
1967-07-01,35.196270167710914,35.18711635170277,20.775136305761357,20.84638405380639,5.810295318607807,5.95342959284844,111.47459003932727,111.84875734899325,57.867390045482544,57.590619122200316,14.097767352045587,14.08705446499264
1967-10-01,35.30073933719955,35.39241362340569,20.755347631276052,20.970670721775292,5.913353125236716,5.9828132018991225,111.47295857304402,111.85629582526485,57.93409482356739,57.72274132934453,14.134046432084704,14.157264685533548
1968-01-01,35.88028561507033,35.58286552374235,21.15984672587729,21.089156122389213,6.0085936303772,6.00939982998989,111.23604233963084,111.82811749366275,58.06229337779871,57.85398925962405,14.374846545482574,14.224466470494443
1968-04-01,36.358070601235184,35.7581506882274,21.402660951071308,21.201505606540437,6.184939182541038,6.033470230528752,111.92267928035537,111.76428282473164,58.24054525161037,57.98335762372681,14.492558032426986,14.288669314351653
1968-07-01,36.48988998921317,35.918152534926456,21.726111009358537,21.307429442958334,5.974659420177923,6.055313180183036,112.24908504550291,111.66451584944805,58.4185392461408,58.109962890398215,14.502099133388844,14.349979936221489
1968-10-01,36.45960652384967,36.06315123709351,21.655770152023706,21.406766271141823,6.054818905172436,6.07531893237923,112.40881940475411,111.52867495905078,58.50030429981976,58.23307535046301,14.46959137716632,14.408637019378954
1969-01-01,36.865628825455175,36.19381131826145,21.785465001994602,21.499621154163307,6.397820701295298,6.093834085066908,112.95013198768524,111.35701790630759,58.61629260056496,58.35215299024919,14.575005475113521,14.464980680935465
1969-04-01,36.826734305492124,36.31107549856542,21.837820582491172,21.586264662163625,6.303889294542135,6.11119806067266,113.53400277202859,111.15038232195039,58.83873769200011,58.46681763693247,14.49169063492295,14.519396420271654
1969-07-01,36.91216287279523,36.416335033792805,21.812292991756806,21.66715756289024,6.363642027761393,6.127941542081576,113.59357870487324,110.91061890053196,59.020263891122795,58.576854650767054,14.504708932992191,14.5723458489969
1969-10-01,36.555636634299695,36.51133354546951,21.852316017224453,21.742931002289748,6.041495322200713,6.144720689394178,112.70364734759626,110.64106190940484,59.179750603406674,58.682281617331604,14.42460599482523,14.624280721291656
1970-01-01,36.31198207924098,36.59815304113943,21.820523591823946,21.814320850568922,5.8071882070847,6.1623443121649055,111.67117783455107,110.3466894619441,59.23424234801843,58.78339459633351,14.409789401827863,14.675617071929816
1970-04-01,36.1701150921456,36.678930441740945,21.740869647188525,21.88214496050045,5.8100921261260785,6.181565251549127,109.61286402183579,110.03371817423626,59.220309929223106,58.88080351397196,14.529311907305468,14.726650507100075
1970-07-01,36.29703819210989,36.75564552425919,21.83993789642768,21.947237837049776,5.8120232231956805,6.202916439175236,108.44075287490813,109.70912611789151,59.18657520981486,58.97540489058377,14.685468582608765,14.777512038237234
1970-10-01,35.698269909672085,36.82997528254682,21.648385426011046,22.010356461909186,5.468294648319192,6.226698642815225,106.98172263357793,109.37955428221588,59.145367576596094,59.06831387789907,14.574496647152676,14.828209519983746
1971-01-01,36.463813175051925,36.903321628468916,21.817011419673427,22.07219988028482,6.087013835637096,6.2529651611622,106.88743910396983,109.05077400157732,59.03491959688477,59.160785122761276,14.905326330449306,14.87869285475868
1971-04-01,36.45262220331931,36.976376672850364,21.85462493385723,22.133246111733765,6.220997920694022,6.281262778909145,106.62772902845876,108.72698155073986,59.07427220805219,59.25412950245463,14.920851988863427,14.928750280204886
1971-07-01,36.55047999674933,37.04956063945696,21.899065646486793,22.193817402351783,6.271099316180761,6.311025785209492,106.03974563857479,108.41096597260271,59.1555662562209,59.349587197745834,15.007552224011683,14.97818400501111
1971-10-01,36.42983852631038,37.122966097137976,22.089306474048684,22.254063444815632,6.072501814121827,6.341640432897668,106.57287275570147,108.10416737388796,59.23918504704329,59.448293557302506,14.901967678676552,15.026788789616848
1972-01-01,36.68401567785023,37.19637105622221,22.027776505060565,22.313949163678735,6.3485001742067615,6.372456037566372,106.56353429246899,107.80652078868893,58.93972170559079,59.55126996248721,15.03343853098741,15.074375403640838
1972-04-01,37.31991351205991,37.26911274488781,22.319528492207045,22.373335248827324,6.683740477466017,6.402635697262841,106.77461136397812,107.51700479980056,59.07232979813372,59.659414155214,15.262366514122407,15.120673695663106
1972-07-01,37.473150793469145,37.34019954796934,22.52626592706035,22.43190001034699,6.768051163946457,6.431311693644251,106.81109136468736,107.2338329774231,59.28230729374678,59.773245809086546,15.302616045199393,15.165384849204882
1972-10-01,37.91864599391338,37.40866433928634,22.84134290770413,22.489284674981672,6.8399735604911625,6.457775213282455,107.41445529855615,106.95477528949947,59.53912169927128,59.892919693612534,15.40462329007478,15.208295774178962
1973-01-01,38.65790775312197,37.47361667161327,23.15301345322281,22.54518618714623,7.137045273954587,6.481514798550228,108.47183669320329,106.67736181168432,59.78565224850293,60.01828388155417,15.582719163431653,15.249277594635506
1973-04-01,38.877864603223344,37.534478522233535,23.112097997473285,22.59951824119479,7.37462596029675,6.502248658260981,109.04932174133836,106.39943341062069,60.099172263239176,60.14896381808559,15.588825155937238,15.288323486693363
1973-07-01,38.473936434689826,37.59140047664546,23.046103606695517,22.652570774528634,7.0928570643711035,6.520088356852089,109.2219844867796,106.11995983909912,60.46435306378156,60.284436552927424,15.37836529648547,15.325634646874791
1973-10-01,38.643995339150244,37.64536280005874,22.875253527557263,22.704955065934836,7.3518635192452555,6.535665234331981,109.21114814746072,105.83954909361334,60.75664416039939,60.424144094278574,15.421284553116168,15.361601904125436
1974-01-01,38.115040955018664,37.69789911461306,22.795989929292663,22.757533209902743,6.859260174616544,6.549964435278914,108.18624282685188,105.56070380680777,61.10246728686551,60.56763678701994,15.273335390968963,15.39665335695528
1974-04-01,38.01201553099203,37.751169742471866,22.866545642163913,22.811281873824885,6.891375871312821,6.5644639381461705,107.92229487496085,105.28796388167231,61.319199964006046,60.71466945918472,15.237360861676741,15.431258717492868
1974-07-01,37.46479331143855,37.80760735301779,22.797331028783578,22.867211175216294,6.508510774636379,6.58084489260677,107.00632136775354,105.02743549271104,61.54376698139116,60.86532940364793,15.082129549750542,15.465814319111248
1974-10-01,37.13285691723706,37.86982264991658,22.26280602503803,22.926376188619432,6.530635728942218,6.601006771158402,104.71272479578593,104.78678539750479,61.66768199835574,61.020083030194144,15.149853409350175,15.50059757755328
1975-01-01,36.50392463735037,37.9402294477497,22.252920900152727,22.989799871924546,5.51824733648607,6.6268312218797645,100.92993765377119,104.5748380231921,61.804032824987594,61.179825845006896,15.241950795760374,15.53564448489774
1975-04-01,36.591207595869804,38.02079670832221,22.452475721167023,23.0580949763563,5.389066445459011,6.660196039784816,99.52768701933253,104.40031843995645,61.69231375812035,61.345868256422065,15.427736546915563,15.570768620128154
1975-07-01,37.006923072373894,38.112597644272526,22.665165798742184,23.131412990398953,5.739750349983612,6.702270624102762,99.8649618221505,104.26961479024757,61.49198645080773,61.51992647448085,15.58647249888833,15.605595720374211
1975-10-01,37.32150822154729,38.215809176218684,22.798024068550436,23.209523924777535,5.851607869930395,6.75338860476662,101.0882277642168,104.18601989266503,61.43115159611516,61.70395550626085,15.600469249380865,15.639657985616102
1976-01-01,37.97805656865141,38.329914182252566,23.154325633744566,23.291900732000038,6.355200117859028,6.813264736133964,102.26180178669375,104.15006675299651,61.408486160142616,61.899919616561824,15.758284909644203,15.672471630703432
1976-04-01,38.08588637728438,38.45382884941527,23.224525678224964,23.377749435613154,6.626887316667794,6.881015483863209,101.84363408448162,104.1603872407372,61.528855796852525,62.10964109978273,15.834316853434254,15.7035244770549
1976-07-01,38.109877979497846,38.58623991272718,23.408745059473382,23.46617869368078,6.632046144255836,6.955440933953523,101.75820643605226,104.2144838400619,61.693797209564465,62.334663293013094,15.838088989299845,15.73235454753073
1976-10-01,38.216991350544504,38.72558838890869,23.55936634710823,23.55618745372233,6.671223312071952,7.035136993792142,101.85593029617567,104.30844478279458,61.88016438885603,62.57619306104387,15.855949724618547,15.758579078792225
1977-01-01,38.499281961517816,38.86999423301898,23.77760171559759,23.64672322666393,6.975488764929927,7.11842947519574,102.48557192624004,104.43683601992129,62.07569381227219,62.835060131322116,15.891657132576665,15.781880093798176
1977-04-01,39.06481457831041,39.017228573640445,23.865173903157338,23.736719288907018,7.404839142010322,7.203326657353841,103.95452143986492,104.59267891811771,62.32268775813632,63.11167768438345,15.954429943728039,15.802000172335173
1977-07-01,39.57535679687239,39.164794589792095,24.04077113028066,23.825174903808772,7.736469056587435,7.287647884803037,104.55541193457918,104.76774335721615,62.65794301247864,63.40599556623036,16.072292976833083,15.818751011512115
1977-10-01,39.400699292920635,39.310187552769385,24.118157173577433,23.91115546486433,7.68798528404547,7.369237309519763,105.11244252049161,104.95335625335804,63.095350299326,63.71747252112655,15.907412995148622,15.832040636870069
1978-01-01,39.35722558753537,39.45112304887821,24.193180091557423,23.99384890851516,7.768654927561236,7.446125611423701,105.1512879522452,105.14065484873876,63.52037226856398,64.04509132963102,15.848760794772339,15.841936474926806
1978-04-01,40.70235925289856,39.58534245384036,24.63796803105474,24.072563228150027,8.214791533086906,7.516472741521612,107.7510934259808,105.32081366372255,63.95331876893716,64.38742705757902,16.093973856566194,15.848555402698729
1978-07-01,40.924205272361256,39.71050087121588,24.64312253436105,24.146724473931354,8.413078583873496,7.578591453529,108.15843937648131,105.48495444900111,64.47119916581262,64.74269746528643,16.096552079333186,15.852020855291627
1978-10-01,41.28068525676538,39.82492269258161,24.688157983006683,24.216105911879428,8.59554226776693,7.631193515613828,108.95992296758672,105.62565530823213,65.01970391194098,65.10880966352339,16.111190205938776,15.852610562592549
1979-01-01,41.17056954071543,39.92767327235156,24.721488098111912,24.280790279697424,8.567945191238076,7.67349537271952,109.24742764259787,105.7371221283546,65.61257280139418,65.48345349891508,15.989835389592566,15.850755619908423
1979-04-01,41.04106446466939,40.01871706351671,24.670360813702942,24.34115812905232,8.541508693823841,7.7053139484650774,109.13209587692361,105.8156135718792,66.20243196939388,65.86420982559319,15.90059947698997,15.847048447659613
1979-07-01,41.15695691294009,40.09879759458459,24.86895002310721,24.39787090600614,8.418201613754595,7.727041397019307,109.63660133514568,105.8595669690289,66.7482253201786,66.2486844015071,15.85214808529763,15.842168221045927
1979-10-01,41.04782485524873,40.16930776618175,24.9407139768142,24.45180368585171,8.256256616957996,7.739615140775846,109.30145672554927,105.86949204481755,67.21012249090029,66.63463967612381,15.803417917392759,15.836827061324387
1980-01-01,41.00254723194048,40.232313264154314,25.018878545102822,24.504133568025335,8.150445293331801,7.744428965970502,108.56414201258909,105.84825113624481,67.68198623041582,67.02010013996873,15.816812844351524,15.831742475451431
1980-04-01,40.00053063457557,40.290442925605426,24.376562043305796,24.556352243287627,7.425606629180483,7.743219428871529,106.16253368687497,105.80084312058933,68.13972613362014,67.40340699743898,15.61939378071146,15.827610180288014
1980-07-01,39.78850735645754,40.346821755875176,24.567909351677038,24.61028404880616,6.89594026131743,7.737986282657556,105.23155835072946,105.73395425164105,68.39041933214119,67.7832808421013,15.605737126909927,15.825115952989526
1980-10-01,40.390017196911685,40.40441072741096,24.782451771168795,24.66765627073397,7.460572202646033,7.730530379352876,106.28581169585989,105.65449294465333,68.55001677800561,68.15887810412583,15.726509217539755,15.824814557855746
1981-01-01,41.03877373674659,40.465835465668995,24.770521199207124,24.7301866137612,8.136030951812986,7.722092966694624,106.51876134012008,105.56903925776534,68.84652088943706,68.52972096448866,15.932304218001278,15.82712340484103
1981-04-01,40.60124087461649,40.533729249272454,24.61757029078539,24.799684530599432,7.829290751429154,7.713739412383758,106.25000286648145,105.4845469738299,69.31639525079173,68.89557052908297,15.750806067166302,15.83239965044933
1981-07-01,40.948523408786095,40.61110217451515,24.590885548748915,24.878009691167534,8.191904939838215,7.706782120509745,105.8058768583779,105.4085380206338,69.69300731561168,69.25638555020736,15.898660830450819,15.841068047702715
1981-10-01,40.36511724116487,40.701034851348325,24.292351676157054,24.966937731689047,7.915926640057227,7.702600839975915,104.97882115628785,105.3489900621892,70.15125671675942,69.61239198062316,15.716201694053359,15.853505088094332
1982-01-01,39.620805845493905,40.806855692196145,24.372353007673322,25.068098780992422,7.118962531070525,7.702868451235301,102.87643146593679,105.31411614680384,70.56034224851193,69.9640981869381,15.59881552432004,15.870126945766835
1982-04-01,39.68057922814166,40.93173111688752,24.29020862713822,25.182732962069988,7.0694547018968565,7.709395835268181,103.0473693460822,105.31190084190837,70.75555341064569,70.31236428390595,15.59041623476812,15.8912682178256
1982-07-01,39.4143322115065,41.07813152060029,24.41992467681492,25.31167564463823,6.942558062520941,7.723632212648236,102.00246134228546,105.34881208475497,70.94348367980812,70.65844436013022,15.574271992319531,15.917097354709462
1982-10-01,39.310570807336475,41.24779143704299,24.78807946072503,25.4552250842194,6.345519310708346,7.7466383505427885,100.73729983864861,105.4299337055753,71.08688916072946,71.00389748870919,15.6487339627639,15.947597336292393
1983-01-01,39.72279014740822,41.44143713890146,24.983487539586097,25.613132425885155,6.467423333810951,7.778996476477035,101.09858888035525,105.55828708683613,71.10569665614048,71.35049357422297,15.77461544957953,15.982537474462452
1983-04-01,40.521432920075895,41.658592005351316,25.469215519873906,25.78473352881485,6.949545401755801,7.820354709103332,102.01689043826036,105.73395990834098,71.15771079856476,71.70008972358815,15.993375613391189,16.021499248357145
1983-07-01,41.21449046391279,41.89769430333448,25.91722720821596,25.968958628425575,7.2869693989925475,7.869475355126854,103.77755023836156,105.95424438262486,71.31306370830707,72.0544246768266,16.074720000144914,16.0639315849368
1983-10-01,41.953946166841924,42.15644590828462,26.230113601698736,26.1645186079915,7.943630548741129,7.924527576961947,105.42304039218044,106.21409151139812,71.54597985150698,72.41492784081606,16.178183959308466,16.109262116872557
1984-01-01,42.59706853841508,42.432077468560855,26.357552951468048,26.370061459908467,8.62035908130067,7.9832587364437195,107.00897220797457,106.50706691541363,71.84491897590097,72.78258685855589,16.243808131611154,16.156920312706863
1984-04-01,43.22310990778903,42.72163291274065,26.68970315651284,26.584239796920528,8.827597899349332,8.043366416675418,108.12461498029549,106.82619869070096,72.42220295462639,73.15785769313426,16.326000920988932,16.20637306951234
1984-07-01,43.52390868064879,43.02218786720614,26.785418502469334,26.80565739772929,8.939246580052542,8.102868106282756,108.29292081565558,107.16476654359035,73.02935047535316,73.54061002587312,16.375087440596943,16.25713576566803
1984-10-01,43.74744266114851,43.33105515549263,27.014749816743787,27.032939337254007,8.770903794222688,8.160197117582511,108.65487136657283,107.51678771696938,73.62363683456003,73.93024402235065,16.377006839388564,16.30879290526406
1985-01-01,44.07460316254208,43.64578733374453,27.464868188045067,27.26465080600429,8.438075861344547,8.214248800594362,109.27982281649737,107.87691175799857,74.22476390243014,74.32582303461123,16.39136865545514,16.360997709180833
1985-04-01,44.35678159068714,43.964127858162755,27.69675198108065,27.49929513330939,8.54151288421835,8.264266800722483,109.75424970095904,108.24043031814303,74.7159929782858,74.72619599754474,16.41199163892302,16.413441777234162
1985-07-01,44.916419334391904,44.28402382657937,28.199878698299823,27.735449720754367,8.418112487403759,8.309623092030378,109.77290301182214,108.60344864275447,75.20464028800933,75.1301226996023,16.57935159126893,16.46583182177609
1985-10-01,45.117032822381034,44.603609743317406,28.216838128654757,27.971767379042767,8.726215056952778,8.34985713501322,109.99982461223287,108.96296548905397,75.62679575548722,75.53632916286907,16.598510754063494,16.517869895240782
1986-01-01,45.31404163990777,44.92136456143847,28.38374261871337,28.207147802552022,8.679602149533649,8.384578045061874,109.28599318968224,109.31667215746053,75.96574875123159,75.94356050453905,16.71550564720465,16.569325478213162
1986-04-01,45.392633151329946,45.23604883926747,28.47643876039167,28.440609812051715,8.540936299252413,8.41363207882395,108.69654157702419,109.66288044931017,76.45145385216503,76.35059172635552,16.76602180069165,16.62001587686952
1986-07-01,45.69724248094757,45.54663868696718,28.93177471356184,28.67125376482148,8.289488150588806,8.437058066146648,108.9370033388376,109.99986368583384,76.88407534976596,76.75618576269372,16.821050482992014,16.669847849744887
1986-10-01,45.80805374267695,45.85218469330972,29.04104209026456,28.898176841491527,8.281742432083929,8.454986710955792,109.43478817470888,110.32526674463402,77.23879338079614,77.1591435626996,16.784882113291335,16.718818653093386
1987-01-01,45.988376066791744,46.15181172919681,29.05599006982447,29.120616661464883,8.4844484756295,8.467467822097658,110.40794418990241,110.63603963392298,77.53901732947703,77.55832278117093,16.731529594474313,16.76702036752643
1987-04-01,46.35053564631939,46.44459930189362,29.44626916394302,29.337883265983194,8.434513680327576,8.474452691971319,110.69490749407134,110.92854256275713,77.93106044612094,77.95260949465082,16.80517230498831,16.814587787557965
1987-07-01,46.62769072309608,46.72950636349779,29.75812631798994,29.549231487033303,8.366695753719455,8.475913813985917,111.16244241407551,111.19896327951126,78.31799542339343,78.34085738580839,16.830208349310876,16.861635068604038
1987-10-01,47.31160296492818,47.00541428509301,29.767385258017416,29.753970636095413,8.941402971046482,8.471809439792137,112.05013146477884,111.44331890276437,78.69650264085513,78.72188686162959,16.9603615109392,16.908271844376262
1988-01-01,47.427330611886305,47.27112240215789,30.212686965440916,29.951531101706678,8.493562535274553,8.462040213674568,111.85483990626837,111.65758682253106,79.18931593840331,79.09448491852206,16.983987116482602,16.95458928045737
1988-04-01,47.94025110834024,47.52560607730054,30.40551002292495,30.141345789506616,8.632187361903013,8.446803296810499,113.184205304502,111.83811689519399,79.59398727192132,79.45740442798403,17.005966165449625,17.000712287698715
1988-07-01,48.10322589593293,47.767928847058705,30.612007953364248,30.323007622034623,8.577529247648638,8.426324982008966,113.19809182340425,111.9813886730164,80.01234125189642,79.80944097754544,17.031140237982786,17.04678563483574
1988-10-01,48.6352561245264,47.997408738844065,30.936087695135754,30.496276405162348,8.671806188928574,8.40095364447059,114.21596055036247,112.0847377684198,80.42492015679986,80.14946170673407,17.088815093284577,17.09295898198292
1989-01-01,48.99286858471452,48.213575383203434,31.02625448950543,30.661098786167443,8.938383422905618,8.371135860975167,115.0288424566733,112.14628890703862,80.80623361125967,80.47645003643298,17.10695304165432,17.13937378156774
1989-04-01,49.259262007621565,48.41636387026892,31.19057350882122,30.81770643035226,8.78595305749785,8.337485338379466,115.21361592237658,112.16552886360952,81.29594631808402,80.78955485816489,17.145738635909254,17.186170418029644
1989-07-01,49.51156283895702,48.60620964255295,31.377617659161196,30.96657459984637,8.66253381591998,8.300952625510146,115.20512991787244,112.14377043663602,81.72915415934271,81.08812869767344,17.20235422826983,17.23347041593587
1989-10-01,49.4990406816603,48.78409463050615,31.468033934611846,31.10843021952052,8.576571699090094,8.262746646079158,114.94798243210778,112.08424958328477,82.12658455923521,81.3718425021588,17.193784157443137,17.281371203682934
1990-01-01,49.64091904518662,48.95159141076715,31.59622362233617,31.24427828841552,8.544437614957472,8.2242754966356,114.36930155506641,111.99212097072198,82.01888909398193,81.64077486826682,17.307673110344325,17.329951732301918
1990-04-01,49.71635217467033,49.11074991731824,31.559900534199397,31.375372366643926,8.464419442103537,8.187112471105369,113.62321573691014,111.87431818876024,82.3906105733985,81.89548826279736,17.380342804646826,17.37923667072725
1990-07-01,49.63474803035912,49.264083725005015,31.741696294532378,31.503211527307414,8.258146859938021,8.15299740409766,112.76436573123587,111.7392340512626,82.71742638861392,82.13679892451225,17.413458220714638,17.429236980441377
1990-10-01,49.050215020132434,49.4145200806022,31.595371206064517,31.629437541424984,7.739357165667405,8.123812312444873,111.96737728494637,111.5963142892071,82.95235477975744,82.36585148866406,17.27075286966807,17.479964469591472
1991-01-01,48.71637177618935,49.56525581843599,31.26765879815302,31.755869266402193,7.463184538507333,8.10148356299599,110.64384848432196,111.45559649152561,83.10065143122803,82.5841741462485,17.27549670447688,17.531421185158834
1991-04-01,48.997126860070324,49.719297243585565,31.40406710235511,31.88433349707499,7.409640843560116,8.087685111977791,109.73389913741258,111.32729931117215,83.18655006557437,82.79368417334113,17.46225724414648,17.583476896973742
1991-07-01,49.12508408861468,49.8791498168719,31.451684690270937,32.016376717600714,7.5000500604412,8.083688132020237,109.337063174034,111.22108893130951,83.22201534252028,82.99664583542364,17.54652010383223,17.635837743518444
1991-10-01,49.159726282049164,50.04689467372108,31.389452096951683,32.15326650587102,7.680843313021281,8.090351101359012,108.84900435361166,111.14560313694217,83.25208387372504,83.19559435827102,17.60780222188735,17.688129871920797
1992-01-01,49.63855172044756,50.22416514866444,31.987223702067787,32.29593401237787,7.464128367186865,8.10819559043292,107.9721660652419,111.10829099469765,83.37289328005964,83.3932319446851,17.86395440604858,17.739918694504482
1992-04-01,50.06432700867202,50.41205791204491,32.152363048508796,32.444841102671944,7.83823618068742,8.137528399384273,108.15076664721283,111.11517613345751,83.43397771392719,83.59232240356623,17.993224277231114,17.790713982245848
1992-07-01,50.42354514719313,50.61131986347971,32.45782174697476,32.600264553380484,7.864276247938576,8.178284827962795,108.0291306947617,111.17034254064122,83.55038360929588,83.79564327684983,18.126741072624114,17.840097780893625
1992-10-01,50.794158387440774,50.82249540033887,32.747688111320876,32.762303280764044,8.04368717291823,8.230252301724773,108.38706590812212,111.27606119811021,83.63948448687242,84.00589988611354,18.213958084792836,17.887774431576013
1993-01-01,50.75020880272915,51.04602543226594,32.80186333561175,32.93097029685024,8.173695397572542,8.293052792455105,109.0781076547412,111.4326822219621,83.81567675484295,84.22567141428398,18.109832835944403,17.93362435502123
1993-04-01,50.92833427465796,51.28234705755879,33.04934442615104,33.10627179318699,8.186296333186915,8.366214845350303,110.09678428922838,111.63879111029722,84.03867717546163,84.45733543601798,18.047128944209295,17.977730476882645
1993-07-01,51.03649362092247,51.531724823162016,33.27624697793806,33.28813437147417,8.126656087645822,8.449206042157062,110.42303033338644,111.89153521939511,84.23308202749091,84.70304094331827,18.036114837596152,18.02028732932669
1993-10-01,51.584356395737004,51.79421077008827,33.48365332856866,33.476448822928006,8.481082113830452,8.541382981970933,111.15505120733712,112.18711954012811,84.39152337048277,84.96470324146259,18.139667806135694,18.0615353385338
1994-01-01,51.961779347789744,52.069550095866624,33.74630600863153,33.67109753426434,8.77518619484978,8.641884016147827,111.56114663988865,112.52082913020264,84.67375520344916,85.2439717174158,18.207838032957316,18.101727488514598
1994-04-01,52.549273772462094,52.35735549817165,33.95876331761195,33.871966066757466,9.17244813838139,8.74978191372532,113.15502648686085,112.88727953191841,85.03565529139082,85.5421639376625,18.217476923606082,18.141168254669942
1994-07-01,52.71424969337011,52.657167925854,34.17482839650548,34.07898591063986,9.000727633999972,8.864195985034293,114.16542979135997,113.28043771649065,85.4496389164839,85.86026542067658,18.138519335789518,18.180231361016926
1994-10-01,53.16947997796656,52.96864312519492,34.4230592048075,34.292142692166344,9.325274121787091,8.98446808925351,114.31379933489325,113.69437314086711,85.80246173514033,86.19896701413462,18.25337839252686,18.219341633372913
1995-01-01,53.28270548599238,53.291468282070674,34.442141924151926,34.51148307813611,9.40370329368184,9.10999238156774,114.68946600535436,114.12363400603404,86.34642108336243,86.5587222774289,18.21295181008245,18.25890136395011
1995-04-01,53.33013645469748,53.62545270116181,34.70652226667859,34.73713838330891,9.173181044035244,9.24034332820259,114.283830607492,114.56308019953285,86.84083299421626,86.9397531710691,18.23471892718451,18.299337699976537
1995-07-01,53.64540433156292,53.9703978007458,34.90184581232493,34.969200079074504,9.09958719977883,9.375255113567299,115.31385144078416,115.0078496194975,87.22464082764968,87.34216271870923,18.20772689123585,18.341052752340513
1995-10-01,53.86232387062952,54.32591440186559,35.034585270355,35.20774328502633,9.25219402924753,9.514400626542427,115.27016200716528,115.45282858707101,87.56761914551879,87.76600424691453,18.260755619847522,18.384411815135902
1996-01-01,54.149874652395546,54.69139810499493,35.308291161595925,35.4528029701098,9.327380509109048,9.657250325898893,115.24025770760915,115.89301650236872,87.99470023275043,88.21126825420087,18.33009922606155,18.429699897153885
1996-04-01,54.91488182538503,55.065934176664875,35.68888284274811,35.70430546212784,9.696521952702184,9.803068395981802,116.04683935004259,116.32322219463248,88.39688095418583,88.67782942899923,18.475463929540076,18.47712731423992
1996-07-01,55.25007646357818,55.44823818124662,35.83841870405783,35.9620834285085,10.017693151552166,9.950855216666753,116.66666636821607,116.73776848216322,88.85323391821755,89.16543192863837,18.490630563906564,18.526844352636086
1996-10-01,55.65523827335417,55.83689368161959,36.06750116750138,36.22595494846998,9.973263970037808,10.099479408575656,117.64538419074371,117.13073022652627,89.36368556127687,89.67364470783407,18.48825300750354,18.579002512836052
1997-01-01,55.75498944843365,56.230317786835606,36.22327023501891,36.49565402272777,10.150080202549692,10.247784098158858,118.10559280459138,117.49607055792262,89.70567149446128,90.20183643562918,18.4497657067597,18.63373293907819
1997-04-01,56.558604713569245,56.62676657082272,36.32510675303176,36.77080561447566,10.55785407851466,10.394464565263018,118.40931717726897,117.82802031583334,90.30687732133705,90.74917066006243,18.640839311054908,18.691111918690662
1997-07-01,57.11670096899874,57.02414343332175,36.78527179829455,37.05084931895689,10.715788071228763,10.53808347784215,118.78227846159446,118.12115593024792,90.95627626924757,91.31448072812323,18.739283888950528,18.751101239676593
1997-10-01,57.44648498244313,57.42024933755195,37.1158953444766,37.33492231161476,10.777254481674541,10.677237750895962,118.9982531355105,118.37040216678952,91.61464556649408,91.8962938264764,18.777780011280814,18.813631339236007
1998-01-01,57.89057334608758,57.81288351901366,37.355497185923994,37.62196521078066,11.18001936667833,10.810577892301415,119.48549146174025,118.57110272233243,92.3236928568801,92.49287450648904,18.82189140594478,18.878625026675923
1998-04-01,58.281074696587694,58.199804015289544,37.89739373849419,37.91074572554881,11.018371171814861,10.936770710499356,119.81084160346536,118.71902050570498,93.09548409157662,93.10226444579939,18.860358500452787,18.94598211965851
1998-07-01,58.84512653302089,58.57876242335066,38.237286897807216,38.199823390890934,11.236151288361416,11.054678248970916,119.60742874576518,118.8105360777471,93.77979744400533,93.72234618509326,19.015131519903417,19.015565812860906
1998-10-01,59.617246116091,58.94751002618641,38.668742899834115,38.48770530975265,11.526807487736468,11.16319546904079,120.7195055562367,118.84277666951598,94.48686983211513,94.35094050154187,19.09881590367485,19.08718373334817
1999-01-01,59.954821513376665,59.30391923852564,38.851647021860025,38.772878311052246,11.797488253280603,11.261322996243646,120.08238771406651,118.81344897748683,95.17624938634825,94.9858446428127,19.22416294656034,19.160640699557934
1999-04-01,60.25465308512794,59.64624471966122,39.38442938025842,39.05390121139889,11.693549802441042,11.348292058180213,120.44487155969905,118.72151790042047,96.0214494094519,95.62488115802572,19.222912161102972,19.235746105863374
1999-07-01,60.86371622437047,59.9731252278927,39.78584896554422,39.32934476341763,11.904716372992764,11.423683503413592,120.83684078694732,118.56683673485625,96.7965962219538,96.26593339252963,19.321806783273537,19.312346475149553
1999-10-01,61.71548993242815,60.28356940721861,40.27078392695831,39.597953505424684,12.176152707832312,11.487324510312577,120.98197501987764,118.35042547948011,97.60576848723488,96.9070781613415,19.519972888399483,19.39027790180064
2000-01-01,61.08275488686526,60.57714227635611,40.3861341286302,39.85873241271094,11.91170440805699,11.539377538441114,119.9488891289638,118.07479518502211,97.39088229874825,97.54667665204487,19.442832986176054,19.469379846746726
2000-04-01,62.00859564445932,60.854312572625986,40.587095224738206,40.111091341613104,12.560558807358197,11.580468872757844,119.79874831742765,117.7441460821564,98.17520692043256,98.18348904622842,19.698227955113296,19.549570617166278
2000-07-01,61.89376715421894,61.11589349408171,40.87558286657786,40.354766358976235,12.354787182041287,11.611499169184482,119.48980164210579,117.36387157310743,99.09497931688787,98.81614672440104,19.630604669974453,19.6307504289302
2000-10-01,62.09229492828872,61.363449357628824,41.11378613542451,40.58979630163774,12.296059121203516,11.633998744572864,118.65254916404373,116.94063268588823,99.96015290294461,99.44324367371222,19.723685975553394,19.71291115190122
2001-01-01,61.75900280419447,61.59907052919994,41.20197486704424,40.816557686360866,11.62503264622852,11.64998352795743,118.2928644252896,116.482360043093,100.83981424941587,100.06351849615237,19.596381703578203,19.79604440608504
2001-04-01,61.936514189361,61.82534623826271,41.122240630350824,41.03577329198047,11.530934035368539,11.661897794407697,116.66326348152893,115.99795699799088,101.48910178188198,100.67600960260212,19.786212643525253,19.880148434471856
2001-07-01,61.48269795549859,62.04501145984431,40.991128551624065,41.24843136185222,11.28491268720279,11.672186786258361,115.03612331240099,115.49732063908236,102.07701923897105,101.28022691184613,19.781342104522025,19.965094928446074
2001-10-01,61.45376956440221,62.26091418716931,41.359990308696524,41.455601300940216,10.665284277072887,11.683223825641907,113.34088193376046,114.9906036504991,102.58952822338472,101.8761870764592,19.928796325148987,20.050693988648536
2002-01-01,61.83275917699783,62.475588628784706,41.32101836217306,41.65821572472265,10.961674807221081,11.697144862080131,112.05544013665629,114.48750027406761,103.00253309067995,102.46441531569491,20.17252811468682,20.136636037248035
2002-04-01,62.05322886074518,62.691093425888084,41.59653140739855,41.857168506213604,11.012954256571012,11.715429974927737,112.08975455012416,113.99650696829342,103.48710986345274,103.0459042497961,20.20720426711453,20.222529067481606
2002-07-01,62.138678828798675,62.909109148654345,41.78141397988035,42.053159471387815,10.928470719049349,11.739095930928828,111.37511905604394,113.52445239247355,103.91519942499687,103.62201334022751,20.28999338397815,20.307996987298704
2002-10-01,62.04269410329284,63.13093629131365,41.84806171028806,42.24673842271597,10.885630618027946,11.768719293201157,111.14195617596687,113.07686467710586,104.30820823530419,104.19441472714274,20.259482093621926,20.392647779838537
2003-01-01,61.94315423032438,63.3574059321215,41.84990647245913,42.43829466300819,10.857262549978348,11.80436273841778,109.76250735961757,112.65784863870464,104.25897068479989,104.7650054416394,20.39521964760652,20.476071772527195
2003-04-01,62.28804225003944,63.58867037111555,42.079718170681765,42.627972959324154,10.859844425169223,11.845520885145767,109.14086531883575,112.27025238814778,104.63487018243707,105.33579782297262,20.558716899064372,20.55776882442868
2003-07-01,63.13437532222803,63.823984019309115,42.58638273539474,42.815547909668034,11.157795328733023,11.891067260295333,108.95543033137297,111.9150838772195,104.96888506219467,105.90852856993745,20.837844626121804,20.63718045560915
2003-10-01,63.63986402172431,64.06176302890731,42.67153519052592,43.00044310262829,11.524613217722015,11.939214815172244,109.0725527991889,111.59138992724331,105.35920412154272,106.48452816230864,20.962771406136984,20.7137411960388
2004-01-01,63.95667882380047,64.29996330551059,43.07220045658498,43.181928388609144,11.557387477792057,11.98767276557917,109.50882623504165,111.29638752198272,106.15819875465625,107.0645596305533,20.957048471688722,20.787004399760537
2004-04-01,64.26545989692582,64.53624371197044,43.16391673960814,43.359054653281426,12.008228220990217,12.033847562400936,109.32096215239584,111.02575955355957,106.69204258507717,107.64868753852417,21.044763736050022,20.856674831992734
2004-07-01,64.66822144474908,64.76801225535131,43.43863524466857,43.530790000467725,12.18518931161468,12.074830836199713,109.62089442141814,110.77412578617349,107.28443784088829,108.23640232832,21.098047899644115,20.92256211416007
2004-10-01,65.10121928846235,64.99247011496057,43.80254095228671,43.695965779995724,12.425488864928848,12.107663936451873,109.84521748649286,110.53509604906746,107.89361767758247,108.8265757269302,21.16911699933208,20.984593692398267
2005-01-01,65.64049041070025,65.20671968406671,43.839524490915785,43.85334128771382,12.787588221700341,12.129439000251564,109.764653085228,110.30161898325554,108.60698610530403,109.41745037691904,21.305456984704907,21.042808559524044
2005-04-01,65.75763285195262,65.40789873492321,44.16821123357819,44.001729931236085,12.614003915671598,12.137450134453594,110.13791582942744,110.06627354868773,109.38793890361262,110.00663875972079,21.243095261991925,21.09736407892574
2005-07-01,66.12423046495819,65.5933898116032,44.52198074220146,44.13992671026194,12.734312562278015,12.12942646016565,110.01176035822273,109.82136726752803,110.05455737318428,110.5911887030609,21.33203463543363,21.148585513044562
2005-10-01,66.3155888796205,65.76077663490487,44.49229347965382,44.26682379480718,13.157666948973574,12.10345236587561,110.36215226041732,109.55932263636949,110.72492378834633,111.16769529631307,21.3042634274861,21.196894451693634
2006-01-01,67.02984517768641,65.90796555821497,44.7918257260033,44.38154902785603,13.35153978425092,12.058069876919868,111.15752142234237,109.27275971911752,111.58765253524622,111.73234676391647,21.375298876700075,21.24283255833172
2006-04-01,66.99009791129836,66.03320970041541,44.87301234192296,44.48337314301643,13.199681271603463,11.992559062748404,111.10278589128058,108.95488805992132,112.4306867149566,112.28098040344871,21.313245036560474,21.287014513949305
2006-07-01,66.87888066936004,66.13546853161128,45.010559084334474,44.571828309035794,13.066766319302932,11.90707640459054,111.351547159221,108.6001827628466,113.18611588937601,112.80927068911679,21.197210333953674,21.330143664732976
2006-10-01,67.23452666400422,66.21431463554102,45.05915623575157,44.6466988782914,12.81447135032906,11.802589909987534,111.37589937857557,108.20454862234655,113.89454604692239,113.31292001352041,21.260423721646802,21.372945837042614
2007-01-01,67.11711912535937,66.26980668730086,45.10871559313254,44.708054333834546,12.585349369109538,11.680819750854663,110.95018328952686,107.76568381070868,114.4193036041224,113.78781156284295,21.24199101177019,21.41606910824304
2007-04-01,67.31418834580501,66.30266226026083,45.140554782709856,44.75623450570145,12.633223172311721,11.544108684777264,111.08859695397202,107.28331797198915,115.02586155161013,114.23015125108394,21.24774823423289,21.460096008649533
2007-07-01,67.46811291930425,66.31415076222709,45.27487282418839,44.7918425753638,12.467645159051616,11.395308005243095,110.34855752752878,106.75919037022865,115.58933568388856,114.63651468836517,21.352508310594423,21.5055042167647
2007-10-01,67.66639749158041,66.30619148415163,45.526127958936456,44.81573423476321,12.179443733672105,11.237825254861535,109.73770389436366,106.19738089860918,116.10068804365652,115.00396561936833,21.459492522947468,21.55264166353602
2008-01-01,67.31510032248556,66.28143575351966,45.64353677059717,44.829077264070165,11.779082016767315,11.075552641778815,109.4728255614301,105.60412145354694,116.95866415885676,115.33016990334528,21.326615009844588,21.60176322390367
2008-04-01,67.48779306515672,66.24338588125464,45.823450859306604,44.83348957960393,11.58068718828097,10.912736820107833,108.57144629485482,104.98770114046756,117.33056325664225,115.61350014754171,21.47267007949589,21.65306788040783
2008-07-01,66.92190963237299,66.19618598359735,45.4754875563891,44.83110027066007,11.269633835003143,10.753802077686126,107.01250846603314,104.35859328733498,117.59687638059071,115.85337865656679,21.47668417151096,21.70658308970735
2008-10-01,65.27453897070464,66.14474299951777,44.103216461498334,44.82465368460098,10.347034079886557,10.603311991303393,104.07830872563724,103.7292132327551,117.77357641249945,116.05034368451528,21.31880210820129,21.762223312255976
2009-01-01,64.51752403125877,66.09440088272476,43.72774590662621,44.81729410694381,9.030846179810633,10.465885146971234,101.35550451090047,103.11330120302748,118.03166075522968,116.20607212973322,21.421374044929934,21.8197574080752
2009-04-01,64.27466907721444,66.0499409385063,43.70801990699643,44.81170972599537,8.345763177748719,10.345761205650433,98.86178441699218,102.52448878559461,117.72579580201447,116.32336799664776,21.70881773168365,21.878670671325953
2009-07-01,64.33561661590936,66.01513634849378,44.14791614749293,44.80989827612549,8.215400180412278,10.246088570733603,97.47438179893783,101.97500961965095,117.21311058513993,116.406221499404,21.96346554220459,21.93819038103533
2009-10-01,64.86489930564217,65.99263189216836,44.15264169753483,44.81315940302564,8.862861414485257,10.168613251696351,97.22786897353618,101.47455403398443,116.67397853923735,116.45953999734547,22.216453475528127,21.99742828630737
2010-01-01,65.04399193343652,65.98401191983632,44.36231903648718,44.82237765359025,9.005296908438762,10.113748856204102,97.09363672024797,101.02982069658331,116.49978025501868,116.48876810733272,22.309471655427128,22.055502418732186
2010-04-01,65.5025804429076,65.99015717582796,44.46285177454259,44.838024331083666,9.42990038942647,10.081170245788265,97.74020666046268,100.64477291068633,116.2412245736534,116.49950737149945,22.387449407264384,22.111658600213115
2010-07-01,65.82009249164156,66.01136627712876,44.61040682389875,44.86028476061448,9.761745224267074,10.069968462661384,98.03078348731373,100.32091103052444,116.05177912406758,116.49737914385886,22.46542473533972,22.16529409767048
2010-10-01,65.9821748310327,66.04764226905536,44.810345784272336,44.889111758430815,9.690877297848735,10.078956038380094,98.2019656030455,100.05798501748785,115.94510110133193,116.48784855540981,22.50246277467526,22.215973347309216
2011-01-01,65.78452414814704,66.0988786161591,45.12508491872124,44.92430406070201,9.493640806300762,10.106871266866559,98.30778997301431,99.85441078568391,116.05045647992392,116.47610232739441,22.412229812180783,22.26344521094353
2011-04-01,66.12609766869572,66.16493759181691,45.284580242432995,44.96561314677642,9.803373121699371,10.152300534674298,98.93813670500917,99.70755346151132,115.94727834891934,116.46698569458421,22.442186157124105,22.30763655536049
2011-07-01,65.95535366072245,66.24549345322075,45.284957625479166,45.0129175547512,9.82588555541982,10.21349924672747,99.08847330576796,99.61391902907823,115.88020018347777,116.4650760446804,22.366687289176653,22.34856830392947
2011-10-01,66.56383790347743,66.34020400389024,45.347658025173494,45.066296771763135,10.551868815855473,10.288530367964162,99.61529370440903,99.5696324183635,115.8182413571445,116.47462585058665,22.499578787736855,22.386347255971398
2012-01-01,66.53070575170942,66.44855174264863,45.36134533318871,45.12600295444023,10.663970060843111,10.375203750660233,99.60511353314118,99.57057324853483,115.2486100411756,116.49952510392477,22.528716947506958,22.42109378102767
2012-04-01,66.67020011545743,66.5701640697081,45.258645717287344,45.19246787618816,10.883939246821383,10.471456996184099,99.51268786281723,99.612715020824,115.4255252386253,116.5432606503264,22.57745552375155,22.453001166362675
2012-07-01,66.59709368918865,66.70472481007229,45.11963419547975,45.26627578529293,10.831580562200832,10.575354003134908,99.73843761261347,99.69210067574103,115.62398223520773,116.608545884872,22.505969387129106,22.482332298483563
2012-10-01,66.50795244940703,66.85198510194355,45.23225472050501,45.348059427250966,10.726095927579227,10.685150781314473,100.0,99.80474264584862,115.8013218863409,116.69740836830454,22.425582425664803,22.509430216579545
2013-01-01,66.91613764474418,67.01163294970515,45.324707030592364,45.43836772036146,11.058340370609857,10.799196754439269,100.17050392404549,99.94670014894167,115.92330684454636,116.811276219299,22.52994210509961,22.534655201380808
2013-04-01,66.85267940672185,67.18314298138193,45.16168906138636,45.53768545653005,11.151307963094041,10.915797386808073,100.30519221684462,100.1141600367591,116.1854439322715,116.95103498095345,22.471154233485706,22.558317101024187
2013-07-01,67.2125684912829,67.3659300425524,45.20110242589111,45.64643495643009,11.488797932763449,11.033347162469383,100.55954134692087,100.30344470767652,116.43584883441335,117.1170323835411,22.537974969492474,22.580724511678255
2013-10-01,67.58362476508486,67.55919935589421,45.397423609328605,45.76481057123213,11.514585917417786,11.150318997672633,100.67554753446943,100.51098365580442,116.76297299269132,117.3091536127966,22.623196342637172,22.60213283413019
2014-01-01,67.24997606029254,67.76205466884082,45.50639424213863,45.892732799364914,11.39884706697234,11.265406255839963,100.95684544153455,100.7333478469045,117.12879939598038,117.52687147813955,22.44613004411183,22.62277181594694
2014-04-01,68.01186353439833,67.97360766899062,45.86768519967437,46.02989458761,11.822745793672706,11.377479767584445,101.46499376465891,100.96718793349567,117.45020005701387,117.76932747513618,22.604775148525537,22.642885332601907
2014-07-01,68.67389114451123,68.19263824368302,46.1736770389909,46.17574604137613,12.042460679523707,11.48545544578273,101.8879997880616,101.20926764973984,117.8383768121821,118.03542061523926,22.736897471998493,22.662607154552674
2014-10-01,68.89132855694616,68.41793642816887,46.48565464617305,46.329632235570585,12.116643444559378,11.588494376587288,102.7778734887256,101.45663354854243,118.27248577625643,118.32385269103888,22.651156617122254,22.682047668491
2015-01-01,69.13757922471203,68.64857912384855,46.48433585354547,46.49089162808201,12.43935125369014,11.686084241684334,102.55922284964245,101.70672891806107,118.50351960391367,118.63320065892853,22.74806955609148,22.701364091661933
2015-04-01,69.49451560386039,68.88392831491097,46.71778342961224,46.658954221407434,12.3269979821597,11.778035950310377,102.83039686106193,101.95779645688833,119.04749807116461,118.96200432992742,22.78973831646313,22.72069483081559
2015-07-01,69.5469598593331,69.12364429498383,46.91967970654631,46.83323978786193,12.287754412305658,11.86463050293991,102.54800408482305,102.20859467504657,119.51564286805672,119.30871415142485,22.81637697543332,22.740207976384905
2015-10-01,69.39195817098894,69.367765512789,46.970042161531524,47.0131981031231,12.038468116905447,11.946509113272937,103.1044909082984,102.45841557948486,119.96230448297777,119.671823068367,22.655983464698654,22.760115360103335
2016-01-01,69.50968050131678,69.61659686379,47.24776274824768,47.198326114306354,11.88070607383423,12.024603647504083,103.04808684847771,102.70675714479395,120.24394760189102,120.049941139345,22.68386694197729,22.78067717902529
2016-04-01,69.67135067037903,69.87046315047354,47.43232715294973,47.38808654248712,11.786515138631323,12.099935203332187,103.15963410593602,102.95351710727645,120.59543977243875,120.44184762699669,22.69744325348672,22.802089258345777
2016-07-01,69.86277987072117,70.12962691274511,47.63223017184517,47.58196520830737,11.763222261042486,12.173463193439371,103.14717619239298,103.19880641518752,120.8804416319111,120.84643115483985,22.74279625117516,22.82448748264025
2016-10-01,70.02677483999297,70.39422944511628,47.785187265937296,47.77946775525116,11.96937589139318,12.245971901949591,103.10157681694028,103.44286657333345,121.15215807597522,121.26266459312946,22.784822804483476,22.84794269157382
2017-01-01,70.50325959683258,70.6642462373897,48.1440075328514,47.98012347068665,12.080544871599452,12.31800159435962,103.59771507333015,103.68590910617905,121.9318376953303,121.6895300433559,22.817101486715508,22.872474888463998
2017-04-01,70.73461458710571,70.9394207633521,48.28217766240162,48.18345739571114,12.186917701724843,12.389928905842705,103.96099125037989,103.92793299667314,122.33489130201555,122.12592714562724,22.81358248427816,22.898064708128747
2017-07-01,71.13002493258526,71.21939129102354,48.40140115395744,48.38908960452571,12.338101052618502,12.46198791100199,104.02832268910687,104.16888193266729,122.72624558500497,122.57089313967427,22.90583884415922,22.924658102900935
2017-10-01,71.58856560873264,71.50366136912133,48.829045691117585,48.59669576139273,12.427089340702594,12.53428880509133,104.63426280718392,104.4087199516359,123.14812674931913,123.02358332127446,22.939067767476004,22.952147871136766
2018-01-01,71.76179295343604,71.79167035850085,48.85997837069352,48.805953611387736,12.60763933368612,12.606865646433596,104.7461955030966,104.6473225697475,123.3860340060859,123.48323863831334,22.96308302467439,22.98041459989962
2018-04-01,72.23799697052557,72.08290202009881,49.09685824913396,49.01668135180191,12.54412734255039,12.679685212837796,105.07118951552339,104.88470575085515,123.89420174454659,123.94916726266725,23.0358034472046,23.009330163176433
2018-07-01,72.58905885032861,72.37681280983132,49.37709876712914,49.22872796969439,12.887706494636298,12.752713996930218,105.39987683515687,105.12094778637336,124.33214830675327,124.42060572864658,23.0722941355543,23.038754975996664
2018-10-01,72.60644706436074,72.67294780000466,49.37729424407128,49.44199024221391,12.94279557906452,12.825831560432473,105.43573569289661,105.35624477437143,124.83410473695663,124.89674425828152,23.040205098874743,23.068565347903412
2019-01-01,73.25108140475541,72.97097801527231,49.52968428484635,49.6564564644062,13.13511430506639,12.898999613093842,105.67746576152999,105.59096955753108,125.80092183910796,125.37670479113936,23.1476034286984,23.098657964752487
2019-04-01,73.48223287449427,73.27052702359649,49.96721053746761,49.872073834387876,12.910780412361426,12.972252646023964,105.34044301584264,105.82554826521803,126.4123146776808,125.85955610410157,23.229459427692387,23.128911197516445
2019-07-01,73.70360930895737,73.57138825744617,50.21859525607983,50.08870852829261,12.811444302463258,13.045773892610654,105.76811441043186,106.06046513644218,126.90935789356116,126.3446191508756,23.206266150457996,23.159233419774523
