,AL,AR,AZ,CA,CO,CT,DC,DE,FL,GA,IA,ID,IL,IN,KS,KY,LA,MA,MD,ME,MI,MN,MO,MS,MT,NC,ND,NE,NH,NJ,NM,NV,NY,OH,OK,OR,PA,RI,SC,SD,TN,TX,UT,United States,VA,VT,WA,WI,WV,WY
1840,915.8245755860953,1175.0202101859336,NaN,NaN,NaN,1572.4535165723523,NaN,1175.0202101859336,1192.299919159256,984.9434114793854,656.628940986257,NaN,812.14632174616,708.4680679062246,NaN,898.5448666127727,1952.6071139854484,1848.928860145513,1088.6216653193208,984.9434114793854,760.3071948261922,NaN,915.8245755860953,1451.4955537590943,NaN,881.2651576394502,NaN,NaN,1105.9013742926434,1434.2158447857719,NaN,NaN,1382.3767178658043,829.4260307194825,NaN,NaN,1295.9781729991914,2039.005658852061,967.6637025060629,NaN,812.14632174616,NaN,NaN,1123.181083265966,933.1042845594178,1123.181083265966,NaN,1382.3767178658043,933.1042845594178,NaN
1880,1075.1818916734032,1190.3799514955535,4550.323362974938,3724.737267582861,4243.128536782538,2803.152789005658,NaN,2073.565076798706,921.5844785772027,1075.1818916734032,2015.966046887631,4415.925626515763,2169.5634599838313,1785.5699272433303,1401.576394502829,1113.5812449474533,1324.777687954729,2745.553759094583,1651.1721907841547,1689.5715440582048,2035.165723524656,1862.3686337914305,1574.3734842360545,1228.7793047696036,4607.922392886014,883.1851253031525,2015.966046887631,1785.5699272433303,2265.561843168957,2380.759902991107,1132.7809215844784,6105.497170573968,2342.360549717057,1881.5683104284556,NaN,2745.553759094583,2188.7631366208566,2879.9514955537584,979.1835084882779,2015.966046887631,998.3831851253029,1151.9805982215034,1555.1738075990295,1823.9692805173804,979.1835084882779,1996.7663702506059,2687.954729183508,1804.7696038803554,1036.782538399353,2956.7502021018586
1900,1285.610347615198,1306.345998383185,4147.130153597413,3753.152789005658,3628.738884397736,3234.7615198059816,NaN,2591.956345998383,1389.2886014551332,1161.1964430072755,2861.5198059822146,3587.267582861762,2778.5772029102664,2301.657235246564,2529.7493936944215,1430.7599029911073,1513.7025060630556,3234.7615198059816,2073.5650767987063,2322.392886014551,2218.714632174616,2467.5424413904607,2052.8294260307193,1285.610347615198,5619.3613581244945,1119.7251414713014,1441.1277283751008,2778.5772029102664,2861.5198059822146,2944.462409054163,2135.7720291026676,5826.717865804365,2944.462409054163,2571.220695230396,1700.323362974939,3110.3476151980594,2944.462409054163,3338.4397736459173,1181.9320937752625,1441.1277283751008,1264.8746968472108,1741.7946645109132,2363.864187550525,2343.128536782538,1368.5529506871462,2446.8067906224733,3753.152789005658,2218.714632174616,1638.116410670978,4914.3492320129335
1929,3223.52,3051.74,6042.85,10034.36,6366.21,10398.14,13369.04,10418.35,5244.54,3466.05,5759.9,5042.44,9599.84,6103.48,5315.28,3920.78,4132.98,9205.74,7831.45,6052.95,8003.23,6002.43,6255.05,2799.11,5982.22,3304.37,3809.62,5901.37,6952.3,9296.69,4092.56,8831.85,11681.49,7801.13,4537.19,6719.89,7841.55,8902.59,2698.06,4193.61,3769.2,4779.71,5537.59,7063.46,4395.72,6366.21,7477.77,6770.41,4628.13,6790.62
1930,2758.26,2349.24,5432.62,9323.54,6019.93,9711.59,13780.81,8998.43,4897.75,3177.77,5243.84,5117.99,8495.02,5369.69,4824.33,3377.03,3702.15,8830.62,7561.62,6009.44,6890.4,5736.76,5873.1,2066.07,5254.33,3009.96,3230.2,5348.72,6785.53,8914.53,3481.91,8746.72,10917.67,6963.82,3828.0,6345.04,7519.66,8327.22,2506.55,3744.1,3366.54,4268.48,5180.91,6512.85,4058.73,5998.95,6890.4,6124.8,4268.48,6103.83
1931,2571.6,2419.64,5026.3,8801.87,5517.24,9421.39,14646.41,9059.03,4640.56,2969.02,4628.87,4278.2,7866.74,5084.75,4605.49,3354.76,3682.06,8953.83,7551.14,5751.02,6312.1,5341.91,5715.96,1975.45,4523.67,2852.13,2279.37,4780.83,6545.88,8661.6,3354.76,7773.23,10379.89,6592.64,3436.59,5879.6,7071.89,8392.75,2372.88,2828.76,3191.12,4032.73,4348.33,6171.83,4336.65,5505.55,6241.96,5482.17,4137.93,5575.69
1932,2105.12,2012.45,4249.97,7732.03,4713.36,8301.34,14656.43,7824.71,4197.01,2608.24,3879.25,3548.26,6474.25,4077.85,3535.02,2753.87,3151.07,8221.9,6911.16,5031.11,5216.47,4779.56,4832.52,1615.25,4422.08,2422.88,2356.68,3998.41,5679.86,7837.95,2753.87,7374.55,9082.48,5335.63,2820.07,4991.39,6024.1,7718.79,2065.4,2502.32,2568.52,3468.82,4024.89,5322.39,3786.57,4792.8,5322.39,4792.8,3389.38,4964.91
1933,2232.81,2083.05,4206.94,7474.47,4805.99,8032.68,12865.9,7705.92,3934.65,2750.17,3430.91,3104.15,5990.47,4002.72,3417.29,2777.4,3076.92,7719.54,6453.37,5078.28,4737.92,4220.56,4547.31,1715.45,4070.8,2763.78,2055.82,3716.81,5718.18,7188.56,2872.7,6793.74,8631.72,5268.89,2995.23,4860.45,5759.02,7733.15,2341.73,1851.6,2736.56,3458.13,4043.57,5105.51,3893.81,4588.16,5119.13,4533.7,3512.59,5064.67
1934,2671.31,2348.69,4671.57,7807.46,4787.71,8530.13,12427.41,8349.46,4490.9,3110.08,3497.23,5020.0,6555.68,4607.05,3716.61,2993.93,3393.99,7962.32,6852.5,5394.24,5858.82,4632.86,4749.0,2155.12,4710.29,3187.51,2374.5,3406.89,6181.44,7446.12,3174.6,7226.74,8878.56,5897.54,3226.22,5626.53,6284.68,7846.17,2671.31,2439.02,3122.98,3755.32,4052.14,5510.39,4168.28,4916.76,5703.96,4903.86,4039.23,5342.62
1935,2731.41,2579.67,5260.5,8409.21,5627.21,9041.48,13037.43,8915.02,4779.97,3376.33,5285.79,4982.3,7283.76,5298.43,4552.35,3338.39,3654.53,8257.46,7056.15,5500.76,6727.36,5677.79,5311.08,2200.3,6006.58,3376.33,3426.91,5108.75,6360.65,7979.26,3705.11,8434.5,9256.45,6562.97,3743.05,5804.25,6626.2,8282.75,2883.16,3856.85,3325.75,4109.76,4944.36,6031.87,4476.48,5235.2,6208.9,5829.54,4274.15,6297.42
1936,3112.11,3037.12,5774.28,9711.29,6761.65,10186.23,14285.71,10886.14,5661.79,3749.53,4886.89,5824.27,8173.98,6011.75,4836.9,3662.04,4099.49,9061.37,7836.52,6361.7,7761.53,5911.76,5836.77,2774.65,5974.25,3674.54,2974.63,4924.38,6761.65,8936.38,4286.96,10561.18,10236.22,7461.57,4024.5,6824.15,7599.05,9011.37,3199.6,3087.11,3774.53,4649.42,5786.78,6736.66,4924.38,5861.77,7124.11,6474.19,4886.89,6899.14
1937,3186.77,3031.03,6050.08,9608.24,6397.51,10410.93,14496.23,11441.24,5882.35,3737.87,6145.92,5043.73,8793.58,6541.27,5115.61,4061.34,4217.08,8889.42,8074.76,6145.92,8230.5,6445.43,6074.04,2635.68,6157.9,3845.69,3881.63,4947.89,6828.8,9021.21,4336.89,9284.77,10159.34,7799.21,4480.65,6661.08,7703.37,8877.44,3246.68,3845.69,3977.48,5007.79,5355.22,6936.62,5103.63,5810.47,7200.19,6601.17,5019.77,7260.09
1938,2984.34,2811.69,5907.02,9618.94,6264.64,9606.61,14070.79,9865.58,5746.7,3551.61,5549.39,5191.76,8040.45,5820.69,4723.15,3650.27,4279.2,8422.74,7929.46,5870.02,7078.55,6079.66,5870.02,2417.07,6350.97,3588.61,3477.62,4957.45,6622.27,8681.71,4168.21,9680.6,9877.91,6979.9,4254.53,6548.28,7029.23,8422.74,3058.33,3909.24,3674.93,4982.12,5500.06,6548.28,4858.8,5635.71,7189.54,6264.64,4575.16,6905.91
1939,3124.61,3062.37,6112.29,9846.88,6460.85,10544.01,14490.23,11290.92,6249.22,3834.18,5825.97,5365.37,8838.54,6448.4,4755.38,3796.84,4469.07,9149.76,8377.94,6224.32,7817.75,6435.95,6274.12,2502.18,6597.78,3883.98,3933.77,4967.01,7045.94,9423.63,4431.72,10755.63,10431.97,7718.16,4332.13,7095.73,7581.23,9099.96,3423.38,4244.99,3859.08,5191.09,5726.38,6983.69,5365.37,6112.29,7680.82,6411.05,4854.97,7294.91
1940,3455.91,3160.74,6223.1,10527.61,6739.64,11437.71,15004.3,12753.66,6530.56,4156.93,6075.51,5632.76,9322.35,6788.83,5226.91,3960.15,4488.99,9740.5,8879.6,6542.86,8399.95,6444.47,6395.28,2607.31,6961.01,3972.45,4329.11,5399.09,7194.69,10195.55,4636.58,11093.35,10859.67,8166.28,4599.68,7514.45,8104.78,9420.74,3861.76,4390.6,4169.23,5386.79,5952.53,7379.17,5903.33,6370.68,8203.17,6739.64,5030.13,7403.76
1941,4366.36,3963.13,7476.96,11923.96,7546.08,13352.53,14642.86,13571.43,7304.15,4976.96,6947.0,6831.8,10368.66,8364.06,6405.53,4619.82,5357.14,10610.6,10311.06,7384.79,9608.29,7096.77,7442.4,3629.03,8156.68,4953.92,6002.3,6313.36,8283.41,11163.59,5483.87,11532.26,11658.99,9539.17,5023.04,9470.05,9055.3,11036.87,4781.11,5414.75,5069.12,6198.16,6923.96,8410.14,7073.73,7488.48,10195.85,7753.46,5760.37,9124.42
1942,5678.3,5240.69,10171.84,14131.71,9776.92,15359.16,15732.74,13992.96,8933.72,6318.71,8837.66,9808.94,11185.83,9798.27,9179.21,5881.1,6585.55,11762.19,12349.24,9317.96,11292.56,8528.12,8730.92,4867.11,9616.82,6276.02,7023.16,8784.29,9285.94,12648.09,7001.81,16992.21,12712.14,11015.05,6820.37,12082.4,10299.93,12690.79,6190.63,8058.49,6083.89,7919.74,9680.86,9926.35,9040.45,8346.68,13160.42,9307.29,6585.55,10395.99
1943,6901.48,5839.71,10668.71,16222.56,10893.31,16539.05,16641.14,15211.84,10791.22,7646.76,10444.1,10617.66,13047.47,11740.68,10842.27,7320.06,8279.73,13231.24,13517.1,11495.66,13996.94,9739.66,9994.9,5635.53,11791.73,7279.22,9790.71,10505.36,10229.71,14844.31,8198.06,15824.4,14466.56,12996.43,8187.85,14323.63,11934.66,12720.78,6891.27,8708.52,7605.92,9903.01,11893.82,11567.13,9055.64,9657.99,15385.4,10872.89,7636.55,11955.08
1944,7509.72,6961.2,10731.03,16116.49,10830.76,16176.32,16655.03,15238.86,11508.93,8497.06,10012.96,11070.11,14012.17,12047.47,11788.17,7759.05,8935.87,13264.19,13553.41,11199.76,13992.22,10092.75,10790.86,6402.71,11818.09,7759.05,10172.53,10980.35,10780.89,15707.59,9055.55,15218.91,15647.75,13264.19,9614.04,13982.25,12685.75,13084.67,7509.72,9733.72,8766.33,10651.24,10750.97,12147.2,9354.74,9594.1,15528.07,11129.95,8267.68,12386.56
1945,7766.33,7319.21,11168.35,15756.22,11790.44,15474.34,17039.27,15075.82,11809.88,8738.34,10643.47,11119.75,14463.45,12286.16,11459.95,7921.85,8825.82,13433.13,13112.36,10701.79,13034.6,10867.03,11148.91,6220.84,11780.72,8116.25,10079.7,11625.19,11061.43,15629.86,9438.18,16115.86,16349.14,13238.72,9603.42,13335.93,12684.68,12801.32,7503.89,10526.83,9000.78,10517.11,11207.23,12257.0,9593.7,10176.91,14103.81,11576.59,8748.06,12383.36
1946,6576.0,6541.57,9743.5,14692.72,10604.23,13788.95,15725.6,13590.98,10337.41,7393.7,10655.88,10363.23,13349.97,10432.09,9829.57,7195.73,7281.8,12256.84,11645.72,9889.83,11525.22,10277.16,10328.8,5319.33,11275.61,7540.02,9295.92,10216.9,10061.97,13324.15,8151.14,15389.91,14864.86,11404.72,8271.65,11972.8,11241.18,12101.91,6817.01,9648.82,7583.06,9132.38,9657.43,11008.78,9046.31,9442.24,12334.31,10457.91,8022.03,11749.01
1947,6285.4,5742.22,9303.95,13393.34,10654.15,13362.3,14580.59,13013.11,9288.43,6952.74,9404.83,9878.17,12819.12,10211.84,10118.72,6758.75,6906.18,11321.49,10755.02,9179.79,11437.88,9870.41,9552.26,5191.28,11484.44,7030.34,11383.56,9854.89,9575.54,12330.26,7969.27,13913.25,13610.62,10956.78,8000.31,11763.79,10700.71,11554.28,6231.09,9730.74,6960.5,8954.76,9288.43,10405.84,8163.27,8784.05,11887.95,10079.93,8039.11,11732.75
1948,6497.61,6490.26,9886.07,13274.53,10856.3,12789.42,15626.61,12377.8,9084.9,7350.24,11914.74,9871.37,13406.84,10679.9,9930.17,7379.64,7519.29,11275.27,11363.47,9239.25,11466.37,10650.5,10113.93,5865.49,12039.69,7431.09,10768.1,11370.82,9614.11,12252.85,8452.77,13164.28,13171.63,11370.82,8438.07,12238.15,10606.39,10797.5,6828.37,11069.46,7144.43,8967.29,9423.01,10650.5,8849.69,8849.69,12252.85,10525.54,8151.41,11988.24
1949,6185.11,6037.85,9807.82,13180.18,10787.13,12377.59,16898.61,13305.35,9152.49,7260.14,10021.35,9476.47,12502.76,10021.35,9682.64,6950.89,7967.01,11059.57,11332.01,8843.24,11206.83,9807.82,9807.82,5227.89,10544.14,7223.33,9086.22,10028.72,9505.93,12068.33,8703.34,13585.16,12863.56,10765.04,8718.06,11979.97,10374.79,10411.6,6538.55,8276.27,7083.43,9704.73,9491.2,10360.06,8740.15,8313.08,12119.87,10205.43,7503.13,12465.95
1950,6707.89,6198.62,10170.97,14092.4,11415.06,13939.61,17686.43,15183.7,9799.93,7937.43,11189.52,9749.0,13459.44,11124.05,10789.38,7297.2,8243.0,12280.83,12375.41,8817.75,12484.54,10498.36,10461.99,5674.79,12200.8,7988.36,10120.04,11524.19,9930.88,13233.9,9116.04,15009.09,13655.87,11764.28,8490.36,12229.9,11342.31,11655.15,6882.5,9457.98,7588.21,10127.32,10076.39,11160.42,9676.25,8519.46,12993.82,10978.54,7668.24,12935.61
1951,7298.18,6605.06,11334.6,14650.72,12666.49,14868.17,17328.08,14779.83,9778.47,8460.18,11191.9,10315.3,13930.42,11715.14,11035.61,7998.1,8392.23,12639.3,12863.55,9146.51,12877.14,10804.57,10702.64,5884.75,12449.04,8297.09,10084.26,11334.6,10396.85,13753.74,9533.84,15547.7,13780.92,12557.76,8990.21,12646.1,11728.73,12082.09,7896.17,10349.28,7767.06,10356.08,10831.75,11586.03,10301.71,9146.51,13216.91,11851.05,8038.87,13651.81
1952,7614.21,6986.37,11815.39,15315.26,13044.35,15569.06,17986.91,15148.28,10259.15,8856.53,11635.05,11194.23,14126.37,11962.33,12463.26,8422.39,8749.67,12990.92,13605.4,9845.04,13244.72,10987.18,11234.3,6151.48,12383.12,8415.71,9036.87,12009.08,10720.01,14313.38,10005.34,16611.01,13926.0,12897.41,9631.31,12990.92,12055.84,12249.53,8302.16,9076.94,8035.0,10733.37,11027.25,11982.37,10806.84,9297.36,13698.9,12075.87,8342.24,13177.93
1953,7903.94,7178.2,11671.18,15405.42,12416.71,16005.81,17140.6,15603.35,10780.5,9065.12,11057.6,10397.84,14745.66,12924.72,11750.35,8788.02,9078.31,13168.83,13940.75,9817.25,14501.55,11380.88,11631.59,6307.32,12152.8,8629.68,9065.12,11262.12,11116.98,14923.8,10061.36,16771.13,14336.61,13465.73,10041.56,12885.14,12614.63,12733.39,8444.94,9790.86,8603.29,10839.88,10938.84,12350.73,10892.66,9526.95,14198.06,12172.59,8438.35,13149.04
1954,7661.13,7216.63,11491.7,15119.62,12138.84,15590.27,17106.81,15302.65,10622.3,8863.9,11851.22,10413.13,14413.65,11870.83,12034.25,8602.43,8942.35,12916.72,13282.78,9752.91,13518.11,11393.65,11478.62,6203.43,11812.0,8726.63,9203.82,11740.1,11360.96,14681.66,10112.43,16426.98,14407.11,12962.48,9850.96,12472.22,12053.86,12629.1,7948.75,9850.96,8530.53,11001.44,10661.52,12138.84,10988.36,9635.25,14158.71,11642.04,8033.73,12570.27
1955,8425.99,7751.14,11716.69,15862.2,12552.22,16151.42,16813.42,16427.79,11176.81,9518.61,10881.16,10469.82,14788.87,12314.42,11581.72,8830.9,9145.83,13619.13,13779.81,10469.82,14326.11,11633.14,11890.22,6889.9,12436.53,9049.42,9923.52,10881.16,11960.92,14936.69,10482.68,16871.26,14955.97,13548.43,10045.63,13002.12,12423.68,13117.81,8213.9,8920.88,8708.79,11273.22,11106.11,12558.65,11305.35,9917.09,14152.58,12115.17,8509.54,12790.03
1956,8688.09,7867.75,11975.64,16071.1,12740.04,16947.36,17593.69,17463.18,11596.54,9682.43,11068.3,10987.51,15455.84,12547.39,11633.83,9060.97,9539.49,13951.9,14200.48,10682.99,14101.05,11540.61,12050.21,6705.61,12255.3,9185.26,10042.88,10682.99,12075.07,15368.84,10670.56,16139.46,15225.9,13697.1,10229.32,13175.07,12951.34,12938.91,8159.84,9129.33,9036.11,11434.96,11323.1,12814.62,11403.89,10434.4,14026.47,12435.52,9228.76,13050.77
1957,8824.06,7729.32,11867.67,16072.18,13221.05,17172.93,17618.05,16306.77,11494.74,9545.86,11831.58,11019.55,15380.45,12354.89,11837.59,9112.78,9936.84,14159.4,14315.79,10694.74,13840.6,11729.32,11921.8,6562.41,12234.59,8830.08,10009.02,12012.03,12384.96,15512.78,11043.61,16114.29,15398.5,13636.09,10321.8,12673.68,13215.04,12679.7,8084.21,10424.06,9100.75,11524.81,11639.1,12878.2,11266.17,10508.27,14147.37,12451.13,9648.12,13329.32
1958,8846.54,7905.42,11628.73,15852.01,13210.99,15699.08,17746.01,16128.46,11534.62,9640.61,11858.13,10922.89,14852.07,11940.47,12616.9,9222.99,9828.83,13934.47,13752.13,10887.59,13105.11,11981.65,12416.92,6970.18,12487.5,9093.58,11375.8,12422.8,12152.23,14616.79,11458.15,16116.7,15452.03,12958.06,10946.41,12693.37,12869.83,12916.89,8081.88,10640.55,9170.05,11393.45,11522.85,12722.78,11181.7,10364.1,13875.65,12240.46,9375.92,13169.81
1959,9056.1,8365.72,11962.64,16441.38,13633.46,16041.07,17926.55,16319.55,12072.87,9966.93,11893.02,11214.25,15385.51,12449.96,12467.37,9439.0,9961.13,14358.65,13929.34,11057.61,13500.03,12067.07,12751.64,7425.89,12043.86,9427.39,10204.79,12258.51,12722.63,15176.65,11701.57,16789.46,16064.28,13558.04,11156.23,13325.98,13111.33,13424.61,8441.14,9392.59,9555.03,11678.37,11846.61,13122.93,11672.56,10784.94,14271.62,12919.88,9514.42,13511.63
1960,9115.36,8182.65,12273.98,16708.63,13916.23,16342.41,17795.83,16599.91,11982.15,10048.07,11913.48,11095.22,15512.7,12743.19,12645.91,9470.13,9824.9,14631.49,14230.95,11358.43,13761.73,12422.75,12748.91,7278.55,12188.14,9567.41,10935.0,12685.97,12966.35,15552.76,11427.1,17372.4,16411.08,13818.95,11312.66,13384.07,13269.63,13487.07,8583.2,11089.49,9533.07,11558.71,12079.42,13292.52,11776.15,11181.05,14408.33,12932.02,9538.8,13504.23
1961,9196.9,8715.83,12417.23,16860.04,14222.65,16837.4,18201.37,16509.14,11987.1,10221.29,12479.48,11404.15,15875.26,12836.04,12875.66,9932.65,10028.86,15037.64,14686.74,11160.79,13560.47,12756.81,12971.87,7714.08,11789.01,9819.46,9813.8,12581.36,13317.11,15762.07,11687.14,17578.81,16735.53,13764.22,11364.54,13634.05,13339.75,13917.03,8846.0,10877.81,9853.42,11845.61,12298.38,13503.88,12083.31,11494.71,14839.55,13051.11,9694.95,13809.5
1962,9515.82,8967.91,12624.4,17337.58,14385.55,17359.95,19093.15,17013.31,12277.76,10661.97,12881.58,11914.35,16303.25,13552.5,13138.77,10326.51,10292.97,15565.25,15257.74,11472.66,14284.92,13116.4,13468.63,7816.17,13591.64,10309.74,13664.32,13340.04,13764.96,16459.8,11819.3,18584.37,17175.44,14212.23,11478.25,14066.87,13787.32,14564.46,9308.96,12031.76,10181.15,11998.21,12898.36,13971.82,12618.81,11824.89,15492.56,13491.0,10097.28,14284.92
1963,9896.06,9287.93,12699.03,17713.4,14611.9,17586.25,19819.77,17492.26,12654.8,11228.44,13561.48,12206.99,16563.47,13893.19,13379.04,10675.59,10752.99,15761.83,15579.39,11726.01,14855.15,13688.63,13860.02,8491.82,13268.47,10642.41,12444.71,13439.85,13821.32,16668.51,11958.2,18338.12,17525.43,14551.08,11676.25,14385.23,14053.52,14927.02,9591.99,11488.28,10548.43,12256.74,13047.32,14313.36,13113.67,12002.43,15612.56,13583.59,10498.67,14329.94
1964,10459.54,9811.61,13111.18,18387.24,14962.43,18131.33,20706.74,18109.55,13290.86,11739.08,13998.69,12479.58,17140.37,14396.17,13927.91,10857.02,11091.15,16258.3,16225.63,12468.69,15795.49,13922.47,14260.05,8662.75,13285.42,11205.49,12093.0,13546.77,14330.83,17265.6,12234.56,18218.45,18300.12,15158.44,12283.57,14973.32,14679.3,15496.03,10083.85,11205.49,11014.92,12795.38,13465.1,14897.09,13993.25,12599.37,16073.18,14232.82,11020.36,14423.39
1965,10993.48,10180.73,13426.37,18826.86,15570.53,18752.01,21933.48,19147.68,13875.52,12506.68,15265.75,13864.83,18062.24,15415.46,14602.72,11522.83,11635.12,16859.16,16853.81,13175.06,16875.2,14971.66,15142.77,9228.96,14030.58,11752.75,13827.4,14736.39,14891.46,17933.91,12672.44,18372.37,18923.11,15912.74,12955.83,15575.87,15324.56,16287.03,10859.8,12544.11,11699.28,13383.6,13779.27,15607.96,14656.19,13399.64,16987.49,14902.15,11640.47,14928.88
1966,11400.63,10974.15,13975.14,19618.25,16117.96,19722.27,22416.39,19259.37,14464.03,13273.0,16060.75,13611.07,18796.48,15935.92,15264.99,12222.4,12331.62,17558.64,17626.25,13600.67,17569.04,15681.07,15582.25,9798.72,14614.86,12607.27,13652.68,15551.05,15764.29,18666.46,13012.95,18749.67,19633.85,16684.87,13439.43,16065.95,16008.74,17194.57,11743.9,13366.62,12456.44,14089.56,14053.15,16305.2,15275.39,14490.04,18125.55,15691.48,12087.17,15296.2
1967,11715.35,11295.87,14490.04,20155.67,16511.67,20772.26,23309.41,19599.72,15212.78,13918.93,15728.29,14080.66,19225.72,16046.7,15551.4,12751.44,13014.25,18341.25,18336.2,13802.69,17542.71,16183.16,16051.75,10370.97,14606.29,13085.01,13721.82,15637.32,16349.94,19331.85,13155.77,19210.55,20463.96,16845.24,14060.45,16476.3,16622.86,17916.71,12240.98,13428.69,12827.25,14798.34,14277.77,16819.97,16051.75,14879.21,18578.79,15991.1,12483.57,15955.73
1968,12313.96,11712.8,15605.76,20943.42,17035.92,20962.82,23861.93,20158.05,16289.33,14495.56,16192.37,14277.4,19673.24,16575.36,16109.95,13259.32,13579.29,19135.11,19135.11,14248.32,18461.24,16885.64,16929.27,10922.58,14704.03,13681.1,13860.47,15896.64,17050.47,20133.81,13744.12,20807.68,21520.34,17646.77,14684.64,16997.14,17225.0,18509.72,12890.87,13841.08,13642.31,15479.71,14568.28,17530.42,16842.0,15455.47,19251.47,16614.15,12730.89,16236.0
1969,13062.56,12387.95,16786.8,21606.14,17840.31,22631.92,22585.71,20926.9,17507.62,15174.2,17151.83,15488.4,20330.84,17248.87,16953.15,14019.04,13667.87,19753.26,20631.18,14984.75,18907.68,17637.0,16814.53,11519.27,15668.61,14522.69,14836.89,16902.32,17794.1,21194.9,14282.41,21726.27,21416.69,18293.13,15382.13,17438.31,17854.17,18533.41,13654.01,14388.69,14009.8,16084.47,14929.3,18159.14,17895.76,15899.64,19610.02,17322.8,13067.18,17017.84
1970,13491.92,12816.01,17556.18,21796.0,18644.66,22647.47,24003.69,20786.52,18258.43,15506.5,17262.11,16015.63,20373.95,16831.99,17371.84,14290.73,13930.83,20079.88,21409.76,15541.61,18337.43,17990.7,17275.28,11982.09,16423.81,14861.31,14927.14,17139.22,17595.68,21580.93,14918.36,22550.91,21659.94,18153.09,15910.29,17701.02,18139.92,18864.12,14128.34,14896.42,14317.06,16537.92,15515.27,18416.43,18262.82,16221.91,19219.63,17464.01,13816.71,17630.79
1971,13938.43,13286.83,18077.77,21761.83,19318.32,22526.21,25579.55,21080.99,18645.84,15935.01,17087.84,16173.09,20667.47,17267.45,17956.64,14493.96,14209.93,20295.73,21987.39,15588.32,18817.09,18090.31,17597.43,12388.79,16402.82,15095.44,16173.09,17714.38,17693.5,21874.61,15254.17,22743.41,21924.73,18265.74,16173.09,18086.13,18203.08,18741.91,14377.01,15417.07,14773.82,16670.15,16010.19,18662.55,18833.8,16415.35,19092.77,17706.03,14234.99,18299.15
1972,14660.9,14048.36,18740.49,22631.92,20073.66,23216.43,26863.64,21859.24,19581.23,16790.78,18288.09,17135.08,21390.82,17951.8,19108.82,15185.36,14696.93,20930.42,22780.05,16062.13,19909.52,18772.52,18228.04,13279.69,18007.85,16058.13,18336.14,18628.39,18280.09,22615.9,16054.13,23152.37,22495.8,18972.7,16754.74,19024.74,19008.73,19308.99,15145.33,16906.88,15629.75,17355.27,16630.63,19429.1,19717.35,17026.98,19733.37,18400.19,14881.1,19333.01
1973,15464.94,15461.14,19402.36,23222.08,20955.31,23958.69,27178.49,22736.07,20495.88,17621.6,20776.85,18346.81,22603.18,19409.96,20560.43,16004.1,15434.56,21441.32,23628.36,16919.16,20959.11,20757.87,19117.59,14128.41,19561.83,16972.32,24247.26,20454.11,19015.07,23313.21,16649.58,23905.53,22880.36,19911.15,17769.68,19926.34,19778.26,19508.68,15935.76,20188.33,16619.2,18286.06,17021.68,20321.22,20583.21,17507.69,20886.97,19379.58,15358.62,21008.47
1974,15534.96,15527.99,19175.7,23419.15,21154.58,23938.26,27537.19,22440.16,20172.11,17426.75,19747.06,19158.28,22656.17,18977.11,20374.18,16322.34,15960.0,21280.01,23541.09,17015.64,20485.66,20433.4,18729.75,14075.18,19252.34,16918.09,21990.73,19440.48,18858.66,23237.99,16771.77,23182.25,22760.69,20011.85,17893.6,20349.79,19970.04,19231.44,16158.59,18555.55,16621.96,18534.65,17040.03,20290.56,20635.47,17207.26,21307.88,19450.93,15541.93,21865.31
1975,15627.69,15241.86,18357.2,23296.45,20968.72,23471.83,27773.35,21931.7,19642.23,17021.14,20161.98,18312.55,22582.19,18743.02,20311.85,16039.03,16147.44,21019.74,23219.92,16577.92,20063.14,20091.83,18736.65,13851.6,19112.91,16603.42,20978.29,20292.72,18497.5,22983.96,16989.25,23038.17,22531.17,19575.27,18051.08,20279.97,19913.27,19208.57,15780.75,18720.7,16373.84,18851.44,16906.35,20126.91,20439.4,16970.12,21628.77,19383.95,15844.52,21730.81
1976,16361.88,15872.2,18873.74,24045.58,21485.36,24000.24,28434.54,22504.01,19931.69,17688.84,20125.14,18885.83,23123.66,19668.71,20705.5,16685.31,16978.51,21455.13,23846.08,17688.84,21219.36,20412.3,19336.21,14702.42,19188.1,17265.67,19284.83,19995.16,19426.9,23610.31,17465.16,23806.79,22679.32,20376.02,18486.84,21258.65,20617.84,19798.69,16473.72,17401.69,17090.35,19605.24,17561.89,20723.63,21059.15,17691.87,22295.44,20091.89,16404.2,21914.58
1977,16763.91,16334.14,19322.61,24653.48,22035.01,24881.17,29358.19,22723.78,20552.16,18107.3,20825.39,18850.15,23839.48,20375.69,21087.23,17409.99,17566.53,22009.39,24212.32,17848.3,22373.7,21514.16,20088.23,15218.44,19214.46,17575.07,18750.53,20327.31,20093.92,24329.02,17950.76,24758.79,23210.47,21212.47,19063.61,21778.85,21312.08,20287.46,16678.53,18528.53,17535.22,20139.46,18070.3,21329.16,21662.16,17814.15,22794.93,21007.54,17017.22,23147.86
1978,17477.79,17424.61,20530.82,25679.49,23142.39,25833.73,29732.46,23171.64,21599.91,18929.84,22405.72,19669.17,24525.29,21083.98,21671.72,17937.88,18522.95,22730.17,25046.54,18270.3,23195.57,22411.04,20791.45,15656.08,20711.66,18299.56,21953.62,21881.81,21110.58,25190.15,18804.85,26352.32,23812.56,21865.86,19889.9,22695.6,21988.19,20759.53,17304.93,19927.13,18427.21,21232.91,18714.43,22174.35,22629.12,18850.06,24070.53,21844.58,17560.24,24679.54
1979,17771.34,17420.04,21308.9,26413.8,23831.87,26782.29,29622.17,23473.2,22092.57,19191.27,22183.46,19466.42,24875.94,21353.12,22709.18,18442.0,19120.03,23338.08,25364.81,18599.22,23365.11,22841.84,21338.38,16213.83,20419.59,18478.85,20770.89,21748.64,21846.9,25770.16,19169.16,26553.82,24175.8,22303.84,20915.84,23080.14,22458.61,21326.09,17646.05,20250.09,18675.38,21969.73,18820.32,22630.57,23109.62,19314.11,24726.08,22443.87,17921.19,25411.49
1980,17831.31,17103.45,21698.18,26874.28,24532.98,27836.49,29497.26,24350.45,22942.06,19275.75,21646.35,19769.25,24686.21,21004.12,22687.43,18309.03,19780.52,24100.32,25871.51,19167.59,22919.53,23000.65,21101.02,16060.12,20598.51,18692.12,18180.59,21157.36,22610.81,26563.31,19307.3,26603.87,24780.85,22329.13,21590.01,22887.98,22588.28,22171.4,17851.59,18653.81,18613.25,22417.02,18626.77,22878.97,23744.28,19649.82,24837.19,22502.65,17966.51,25905.31
1981,18021.43,17666.94,22089.86,27056.88,25232.89,28439.82,29031.33,24472.38,23421.27,19649.63,22444.35,19645.51,24997.94,21108.82,23355.32,18594.39,20562.65,24460.02,26090.27,19255.98,22535.04,23159.52,21506.6,16401.48,21211.87,19062.24,21607.58,22363.97,23118.3,27005.36,19620.77,26459.19,25251.44,22227.95,22648.39,22384.58,22815.33,22497.94,18114.18,19868.1,18833.47,23443.94,18664.47,23211.05,24033.39,20127.78,24868.1,22378.4,17889.53,26117.07
1982,17896.37,17488.84,21410.83,26648.55,25344.46,28820.1,29278.09,24698.23,23215.6,19749.66,21903.75,19060.74,24952.45,20605.47,23683.29,18591.11,20467.69,25237.73,26504.95,19573.06,22128.86,23236.95,21649.52,16198.33,20824.76,19027.75,21719.39,22617.89,23689.11,27380.17,19706.97,25627.79,25757.81,21952.26,22996.31,21630.12,22963.32,22714.92,17974.0,19765.19,18781.29,23332.04,18575.59,23184.55,24251.89,20360.95,24568.21,22202.6,17886.67,25111.59
1983,18398.21,17802.67,22027.44,27140.86,25598.81,29433.4,29452.07,25171.29,24181.84,20565.67,21670.87,19703.16,25081.68,20845.7,23625.5,18510.22,20319.24,26261.55,27172.59,20050.41,22789.13,23479.88,22158.13,16240.08,20847.57,19755.44,21760.48,22522.17,24773.64,28361.8,19865.58,25596.94,26582.66,22428.82,22053.58,22180.53,23175.58,23520.96,18637.17,19736.77,19230.84,23239.06,18676.37,23619.9,24913.66,20748.62,25033.14,22518.44,17707.46,23711.38
1984,19456.96,19022.46,23335.02,28601.31,26674.0,31668.05,31024.41,26518.95,25305.59,22087.4,23336.82,20167.31,26664.98,22319.98,24899.94,19945.55,20859.63,28404.79,28750.95,21277.9,24333.83,25621.1,23573.0,17064.51,21113.84,21268.89,22500.27,24086.83,26545.99,30142.79,20639.67,26302.6,28347.1,23919.16,22873.47,23133.09,24213.03,24890.92,19819.35,21438.36,20545.92,24213.03,19556.12,24988.28,26398.15,21972.02,25687.81,23848.84,18555.51,24140.92
1985,20204.4,19580.71,24175.4,29292.45,26984.63,32718.38,31794.2,27707.9,26217.68,22968.2,23656.53,20447.24,27215.23,22824.95,25398.32,20183.44,21004.54,29591.19,29942.35,22096.44,25504.89,26177.5,24329.14,17365.48,20738.99,21989.87,22664.22,24657.58,27854.65,31149.55,21298.04,27021.31,29346.61,24627.88,23188.33,23460.87,25003.49,25752.97,20380.85,21306.78,21205.45,24828.79,20076.87,25714.54,27368.97,22865.13,26098.88,24301.19,18929.07,24704.75
1986,20863.09,20121.59,24998.72,30093.33,27248.91,34295.74,32554.16,28464.77,27039.99,24073.98,24298.31,20583.95,28098.3,23618.46,26038.19,20387.02,20604.5,31161.91,31173.9,23373.58,26466.31,27038.27,25015.84,17614.52,21366.56,22971.14,22791.33,25051.8,29384.37,32432.57,21373.41,27788.34,30627.62,25286.41,22967.72,24157.89,25774.47,26892.71,21092.56,21888.86,22147.44,24479.84,20409.28,26473.16,28461.34,23983.22,27062.25,25099.75,19260.21,24258.93
1987,21412.71,20300.58,25373.63,30877.52,27380.81,36302.91,33509.23,29544.96,27753.19,24759.12,25024.63,21175.59,28977.21,24365.03,26405.61,21005.26,20455.87,32742.76,32226.77,24505.3,26664.44,27926.86,25532.27,18193.2,21641.48,23817.32,23139.35,25662.52,30829.09,33911.66,21517.91,28397.76,31819.32,25762.71,22603.32,24640.56,26567.59,27808.3,21800.12,22466.39,23045.84,24263.17,20639.56,27160.39,29357.94,25148.2,27519.41,25714.29,19509.06,23646.99
1988,22208.06,21036.75,25678.42,31631.76,27979.09,38388.56,35936.24,30687.94,28672.84,25630.02,24915.3,22138.69,30168.44,25100.84,26659.35,22091.9,21127.1,34530.99,33517.8,25634.86,27398.28,28025.88,26034.98,18858.7,21603.05,24900.78,20860.9,26401.21,31920.56,35791.04,21772.45,29694.1,33630.73,26601.27,23093.8,25552.58,27719.34,29426.29,22680.78,22554.94,24010.2,24805.59,21059.34,28114.61,30502.4,26109.19,28275.95,26143.07,20407.54,23903.71
1989,23240.46,21693.69,25933.35,31954.28,29017.58,39978.57,37248.42,32361.16,30002.17,26202.01,26082.43,23307.24,30867.19,26181.82,26998.7,22869.3,21788.42,34844.39,34325.69,26500.19,28300.1,29233.45,26757.98,19698.1,22946.95,25799.79,22842.9,26889.99,32233.82,36925.39,22249.66,30418.37,34918.93,27470.8,23824.39,26615.11,28849.86,30722.76,23462.54,23440.8,24655.24,25324.57,21577.21,28967.88,31302.03,27407.13,29435.33,27268.92,21084.92,25580.82
1990,23692.21,21917.54,25764.9,32189.66,29369.66,39563.9,38535.04,32215.12,29886.33,26569.12,26423.85,23904.87,31479.79,26485.26,27565.03,23304.33,22799.63,34564.87,34546.9,26329.5,28378.24,29645.22,26798.26,19900.26,23262.4,26013.51,24166.95,27662.38,30999.06,37137.77,22669.34,30665.09,35933.69,27958.91,24231.35,27054.35,29339.7,30232.28,23988.74,24734.55,25070.01,26007.52,22263.49,29339.7,31207.22,27060.34,30194.84,27524.6,21821.69,26940.53
1991,23923.13,22157.81,25469.59,31630.82,29401.7,38439.91,39250.1,32332.31,29301.7,26385.59,26008.75,23640.5,30816.28,26095.72,27442.17,23612.96,23076.7,34013.57,34167.2,25769.61,27776.97,29226.33,26900.11,20118.56,23728.91,25836.28,23731.81,27542.18,31064.12,36351.38,22994.09,30735.12,34599.11,27434.92,23950.66,26903.01,29372.72,29304.6,23740.51,24702.88,25123.2,25823.24,22495.51,28965.45,31062.67,26474.0,30511.91,27336.37,21920.11,27029.1
1992,24850.86,23311.94,25689.75,32087.74,30292.34,40468.19,40760.11,32478.85,29738.27,27295.27,27108.22,24697.81,32297.47,27364.71,28549.36,24601.45,23960.95,34914.76,34700.79,26341.59,28577.7,30361.77,27815.33,21010.64,24206.1,27084.13,25336.9,28359.48,31628.62,37894.83,23561.34,31985.72,35522.68,28389.24,24595.79,27547.51,30149.22,29935.24,24391.73,25827.2,26447.87,26753.96,23086.62,29843.13,31784.49,27506.41,31372.13,28533.78,22997.35,27571.6
1993,25027.68,23510.69,26021.48,31784.96,31007.09,40787.29,41642.68,32424.43,30238.9,27663.05,26413.19,25574.41,32320.62,27872.05,28901.84,24655.35,24436.66,35277.1,34928.3,26481.01,29213.27,30142.01,28133.65,21604.75,24998.62,27636.75,24959.86,28362.03,31602.26,37825.27,24125.24,32328.92,35386.45,28706.68,24737.02,28186.25,30382.85,30416.07,24748.09,26039.48,27031.89,27038.81,23559.13,30032.67,32176.67,27642.29,31481.84,28973.81,23150.81,28028.46
1994,25666.46,24072.64,26773.73,31896.73,31740.87,40897.2,42137.29,32490.34,30499.42,28462.42,28051.77,25941.59,33048.72,28733.48,29317.61,25132.48,25319.51,36054.75,35405.57,27006.84,30573.96,31285.49,28890.7,22603.51,24659.48,28234.74,26368.5,29271.53,32707.19,38044.32,24545.64,33010.77,35595.31,29520.91,25085.04,29001.83,30647.15,30504.85,25415.73,27134.24,27641.12,27384.97,24231.21,30545.5,32713.97,28141.22,31842.52,29836.69,23595.58,28282.17
1995,26374.06,24665.45,27340.56,32652.28,32895.23,42114.07,42157.88,33152.78,31445.49,29387.71,28463.7,26562.58,34098.03,29127.5,29682.44,25544.32,25833.73,37083.8,35843.82,27629.97,31416.28,32086.72,29450.11,23104.19,25041.16,29017.31,25777.97,29981.15,33604.16,39308.85,25270.83,33649.3,36668.26,30145.77,25442.09,29981.15,31320.69,31474.7,26059.42,26867.93,28553.98,28114.55,25199.14,31288.83,33227.13,28811.53,32337.63,30413.95,23834.37,28710.64
1996,26817.82,25351.05,28125.53,33748.81,34016.09,43211.78,43724.17,34302.92,32160.78,30467.15,30334.16,27154.2,35344.66,29950.85,30903.92,26407.12,26365.4,38492.03,36541.55,28557.09,32198.59,33609.3,30340.68,23859.5,25463.17,29886.96,28207.67,31744.87,34442.43,40514.22,25602.68,34695.37,37748.86,30913.05,26207.64,31146.43,32291.16,31905.24,26876.49,28992.56,29128.15,29099.47,26240.24,32240.32,33849.2,29575.35,33614.52,31326.35,24370.59,29257.23
1997,27534.23,25828.08,29072.45,34798.49,35107.42,45139.21,45628.88,34734.4,32752.65,31134.95,31088.81,27303.49,36434.14,30723.48,32028.41,27335.54,27140.7,39932.32,37603.19,29481.36,33166.69,34530.59,31400.3,24520.59,25993.44,30941.39,27243.24,31877.15,35926.52,42083.27,26093.42,35250.99,39047.84,32093.78,26933.04,31977.13,33325.64,33069.27,27654.72,29026.3,29877.45,30540.17,27215.04,33264.11,35059.99,30460.7,34990.77,32442.44,25014.1,30722.2
1998,28722.15,26869.48,30525.37,36813.81,37624.11,48022.42,48136.55,37589.88,34354.99,33024.77,32082.58,28703.13,37981.71,32588.54,33377.29,28411.47,27998.07,41731.44,39736.75,31096.01,34679.62,36787.18,32366.63,25449.22,27393.2,32111.74,29663.07,33472.4,38476.27,44016.54,26839.04,36864.53,40559.73,33447.04,27783.77,32993.06,34673.28,34772.19,28867.98,30800.54,31969.72,32253.77,28174.34,34885.05,36761.82,32310.83,37312.16,34210.43,25842.33,32223.34
1999,29068.88,27267.84,30956.1,38061.57,39047.02,49740.84,48937.74,39338.04,34965.34,33902.45,32270.03,29532.26,38747.27,33189.28,33762.57,28929.0,28084.68,43525.89,41204.02,32001.5,35770.94,37636.92,32950.73,25682.88,27502.65,32659.71,29729.59,34283.39,39871.35,45057.14,26823.21,37793.04,42008.37,33946.17,27829.89,33447.82,35543.62,35463.69,29431.09,31669.27,32349.97,32857.05,28711.67,35754.7,38256.42,33662.65,38774.75,34960.34,26208.71,33908.7
2000,29623.75,27823.71,32034.39,40415.45,41552.38,52861.87,52392.93,42045.75,36323.23,35097.15,33597.52,30636.12,40546.12,34387.63,34686.82,30308.84,28932.55,47073.41,43336.55,33393.58,37113.34,39379.88,34171.48,26298.44,28472.16,33427.77,31755.96,35280.33,43303.58,48128.52,28054.51,38959.79,43870.21,34815.05,29287.92,34921.29,37101.13,36982.67,30433.4,32737.8,33160.33,34370.54,29477.21,37371.01,39948.95,35297.42,40102.82,36247.51,27208.23,35373.14
2001,29850.51,28481.03,31957.88,40202.26,41706.66,54053.54,53432.67,44674.88,36762.42,35420.4,33760.78,30814.05,40753.87,34271.8,34945.2,30488.1,30195.57,47692.05,44206.84,34220.46,36757.65,39644.67,34306.42,27165.27,29032.64,33143.49,31830.12,35857.39,43962.08,48457.39,29387.25,38866.2,44397.88,34908.18,30273.18,34544.02,37441.79,37823.87,30478.54,33230.65,33016.93,35095.64,29606.94,37657.9,40671.49,36422.14,39604.08,36905.7,28149.1,36632.28
2002,29968.6,28501.04,31931.23,39865.24,40928.28,52936.89,53564.83,44508.99,36828.98,35195.62,34050.26,30788.23,40549.63,34032.62,34554.73,30533.05,30418.98,46867.91,44440.79,34621.76,36135.19,39692.38,34292.5,27111.09,29313.61,32663.84,32113.5,35905.88,43663.5,48575.36,29485.29,38148.38,43622.34,34780.51,30217.9,34002.05,37521.61,38488.22,30513.06,32756.74,33031.9,34341.89,29497.05,37412.25,40409.69,36558.52,39399.57,37086.51,28787.97,36943.05
2003,30567.82,29361.85,32473.63,40622.59,40504.99,52421.74,53556.23,44027.21,37060.01,35334.06,33986.28,30770.74,40334.35,33903.27,34757.59,30533.23,30556.29,47045.6,45044.1,35358.28,36093.85,40553.41,34747.22,27511.39,30417.94,32899.06,34145.39,37185.68,43353.89,48666.63,29816.11,38513.86,43529.14,35041.22,30806.48,34394.42,38004.27,39513.46,30639.3,34908.63,33482.45,34344.84,29580.91,37691.82,41514.96,37124.57,39742.9,36986.22,28632.04,38351.3
2004,31834.61,30079.67,33637.79,42135.32,40335.5,53534.56,57293.54,43761.22,38221.5,35745.06,35756.28,31816.65,40650.81,34199.96,34413.15,31312.84,30849.42,48087.97,46622.53,35987.43,36094.03,41570.92,35442.1,28120.51,31561.94,34348.07,33410.01,37526.93,44449.06,49267.28,30500.45,40034.78,44459.16,35537.48,32176.84,35273.79,39178.64,40122.31,31209.61,36095.15,34173.03,34280.75,30173.92,38505.39,42713.2,38201.3,41135.55,37304.76,28719.7,39243.72
2005,32397.7,30386.57,35100.23,42963.21,41336.91,54600.6,58561.99,42906.68,39426.88,36163.41,35449.19,31863.94,40927.08,33783.75,35078.49,31539.98,31984.61,48747.66,47073.53,35514.41,35670.96,41065.14,35254.6,28888.55,32357.48,35045.88,34266.43,37102.67,44486.24,49304.26,31259.51,42002.22,45067.83,35355.7,33767.45,35244.81,39404.05,40143.28,31480.19,36713.48,34177.28,35649.22,31263.86,39031.18,43830.72,37687.52,41047.75,37149.41,28909.21,41561.94
2006,33027.82,30911.05,36603.24,44649.52,42338.68,57155.06,60144.07,43604.32,40856.84,36561.06,36317.42,33072.12,42318.64,34538.15,37286.69,32104.96,35096.08,50949.23,48338.85,36178.2,35477.88,41562.43,36011.56,29226.7,33548.84,35977.81,34595.1,37454.38,46156.69,51005.13,32024.81,42114.03,46879.15,36015.78,35879.72,36620.12,40141.75,41244.96,32249.46,37128.48,34752.25,36922.82,32858.02,40230.35,44987.03,38964.71,42564.39,38109.35,29959.71,45571.33
2007,33472.37,31819.35,36729.1,44887.35,43144.95,59503.58,61975.41,42978.52,40876.54,36487.67,37684.54,33471.34,43421.31,34639.45,38900.93,32447.07,36754.78,51796.34,48660.84,36530.82,35640.1,42386.76,36534.93,30036.88,34727.8,36998.26,37318.8,39123.87,46435.58,51953.52,32570.35,41235.09,48765.63,36458.9,36094.19,36839.02,41404.6,42031.29,32830.27,39788.57,35050.39,37632.14,33866.87,40910.45,45772.93,39929.32,44373.67,38600.94,30125.24,45942.45
2008,33683.98,32385.18,35988.35,44497.51,42987.12,61697.2,62574.81,42149.81,39956.27,35574.23,39081.68,33281.95,43687.4,35405.96,41491.85,33216.45,38083.15,52680.21,49803.52,37279.08,35914.8,43306.53,37572.3,30795.2,35717.31,38097.25,41526.11,40553.78,46717.25,52727.57,33701.11,39109.89,48662.92,36959.68,39038.35,37431.23,42250.57,42295.91,33126.78,41624.85,35590.35,39834.35,34189.79,41394.11,46054.25,41157.33,45134.31,39168.33,31510.59,48909.78
2009,32685.0,31372.0,33746.0,42224.0,39838.0,60428.0,59998.0,41317.0,37065.0,34361.0,37365.0,31436.0,40994.0,34084.0,39204.0,32304.0,36284.0,51412.0,48845.0,36952.0,33966.0,40739.0,36425.0,29801.0,34318.0,35840.0,40134.0,39226.0,45742.0,50567.0,32523.0,36280.0,46916.0,35610.0,34920.0,35409.0,40696.0,40936.0,31635.0,39524.0,34635.0,36695.0,31619.0,39376.0,44232.0,40221.0,41844.0,38012.0,31412.0,43549.0
2010,33290.52,31414.43,33153.2,42794.48,39444.38,61376.59,61113.8,40592.37,38160.07,34225.11,37488.27,31343.3,41195.01,34657.83,38733.07,32627.62,36776.95,52414.02,49278.31,37075.31,34779.34,41610.93,36288.91,30200.25,35030.28,34904.81,43134.33,40029.24,46579.27,50710.82,32709.62,36375.85,47571.16,35916.46,35477.82,35261.46,41494.35,42228.39,31772.06,40567.67,35222.93,37434.92,31300.82,39791.15,44793.08,40422.44,41685.03,38131.42,31695.0,44901.75
2011,33595.65,32697.39,33801.82,44379.59,41578.34,61802.71,63666.99,42311.08,39196.21,35493.8,39547.58,32228.9,42322.7,36064.89,41158.25,33377.86,36925.4,53461.88,50419.61,37687.18,36201.37,43187.08,36895.39,30739.22,36570.16,35305.05,47031.78,43428.1,47968.75,51865.73,33623.72,36768.59,49160.3,37571.99,37226.43,36193.63,42610.18,42895.72,32720.62,43197.72,36256.55,39516.61,32624.79,41100.17,46024.14,42040.05,42785.38,39443.04,32909.37,47896.16
2012,33723.65,34357.59,34278.71,45972.02,42854.56,61809.26,63294.81,41411.79,38968.2,35036.21,40469.9,32975.65,43391.56,36892.43,42590.34,33813.94,38035.81,54357.79,50697.63,37819.11,36781.23,44873.31,37876.14,31288.61,37846.67,36687.13,53403.54,43783.15,49265.31,52550.99,33671.37,37267.85,51087.31,38273.42,39061.34,37170.91,43597.81,43871.54,33501.25,42808.94,36856.31,41038.26,33783.53,42087.55,46858.78,42664.47,44992.11,40429.03,33083.05,50153.02
2013,33464.59,33658.21,34194.16,45429.46,43796.36,59984.29,62237.52,41001.56,38159.06,34768.46,40396.4,33410.34,43629.87,36616.69,42901.24,33284.07,37509.94,53484.61,49260.61,37104.94,36678.42,44197.62,37277.04,31172.07,36954.35,35368.01,52058.22,42909.66,48271.02,51925.4,32504.93,36421.2,50972.29,38056.18,39924.05,36965.57,43138.81,43321.21,33010.02,41744.22,36304.28,40592.82,33726.49,41616.08,45354.63,42644.02,44722.34,39965.21,32405.79,49309.25
2014,33956.33,34532.47,34968.02,46986.07,45781.42,61353.7,64751.72,41655.64,39424.6,35719.67,40836.92,34165.84,44623.63,37193.55,42675.6,34049.14,38428.53,54811.26,49719.74,37881.8,37620.83,45180.47,37789.91,31380.71,37319.44,36192.89,53213.33,44445.36,49251.11,53126.95,33723.86,37274.41,52165.8,38743.71,41480.13,38335.72,44075.97,44145.81,33874.55,42274.05,36986.8,42097.62,34621.6,42694.89,46099.35,43305.03,46330.91,40811.19,32880.32,51519.83
2015,34609.72,34779.72,35652.47,49045.44,46338.12,62566.59,66823.94,43388.97,40443.46,36697.94,41755.3,34946.09,45798.11,38167.97,42947.14,35084.27,39057.98,56998.31,50980.93,38905.25,38939.8,46308.11,38502.52,31641.48,38041.6,37082.49,50870.02,44188.08,50842.74,54638.27,34568.81,38175.24,53468.24,39634.36,41472.57,39846.18,45260.82,45500.83,34829.72,43557.16,38297.97,42741.69,35798.83,43809.89,47408.13,44168.08,47247.22,41766.21,33473.34,50944.56
2016,35202.12,35304.41,36110.19,50237.34,46712.73,63738.17,67832.56,43695.99,41113.55,37538.7,41988.42,35090.85,46747.72,39025.53,43552.42,35442.6,39021.04,58447.66,51986.18,39764.91,39792.72,46764.77,39232.81,32245.5,38033.11,37688.55,49385.8,44538.56,52332.54,55604.11,34821.66,39155.64,54317.38,40267.4,40990.62,40422.63,46009.24,46279.33,35412.09,43114.54,38925.03,42743.95,36559.74,44480.24,48205.84,45153.21,47999.46,42420.03,33546.59,49541.93
